hurs,evspsbl,tas,treeFrac
75.34393,6.43E-05,293.88635,0.44380075
79.700745,5.24E-05,294.53006,0.5247926
75.914665,5.79E-05,294.87564,0.5651846
73.56428,5.73E-05,294.01315,0.5940777
72.52126,5.60E-05,292.60565,0.5983014
71.80226,6.53E-05,291.5173,0.39300087
73.87392,4.33E-05,290.52402,0.19238667
73.93559,4.40E-05,289.77823,0.15681128
75.327515,4.40E-05,289.77203,0.16591746
70.0606,5.41E-05,289.66714,0.19299655
75.89823,3.41E-05,291.55515,0.2399308
72.929535,6.00E-05,292.49802,0.35007071
78.87198,5.56E-05,293.7326,0.4824308
78.143524,7.19E-05,294.2962,0.5424838
78.824554,5.31E-05,294.27808,0.5740468
73.96219,5.79E-05,293.20007,0.60050106
71.43764,5.29E-05,292.09872,0.5467306
72.57876,4.41E-05,291.2404,0.33272815
71.248726,5.36E-05,290.683,0.17754288
70.14589,5.85E-05,289.45676,0.16184331
74.022415,4.37E-05,289.76294,0.17232987
74.7471,4.75E-05,290.36417,0.19460596
74.92692,4.03E-05,291.1902,0.2465638
74.60012,4.28E-05,292.9989,0.38364357
76.495804,6.23E-05,293.88675,0.49751657
79.97331,6.62E-05,294.38266,0.54256475
77.12296,6.26E-05,294.31155,0.5744381
80.1012,5.07E-05,293.70526,0.60034686
76.977356,4.72E-05,292.78497,0.5881777
74.201546,5.29E-05,291.84692,0.3493757
70.60217,5.58E-05,290.09958,0.18256614
70.85002,5.39E-05,289.0622,0.16248874
73.688644,3.64E-05,289.93494,0.16879766
77.46819,4.20E-05,290.7781,0.18977962
75.535965,3.67E-05,291.5154,0.24622235
78.96103,3.39E-05,293.9205,0.3528743
74.429,6.26E-05,295.31387,0.4805644
77.47438,6.33E-05,294.894,0.53499544
76.94696,5.49E-05,295.18814,0.56818134
72.93075,6.43E-05,293.762,0.5935551
73.98545,5.11E-05,292.79288,0.59804446
72.58704,5.06E-05,291.53458,0.36620668
72.951004,7.57E-05,290.3471,0.18485156
75.381195,4.29E-05,289.22678,0.16215071
74.83316,5.09E-05,289.16376,0.17021157
71.85121,4.80E-05,289.14944,0.19074562
75.21463,4.58E-05,290.31757,0.24348126
78.95978,3.96E-05,291.98697,0.34496576
79.40204,7.36E-05,293.1886,0.42378667
80.23165,6.28E-05,293.51703,0.4961739
84.166664,4.61E-05,293.9272,0.54264414
76.94946,5.50E-05,293.46283,0.5762186
73.01989,5.50E-05,292.15988,0.5961869
74.881454,4.84E-05,291.13397,0.41629058
70.43427,5.80E-05,290.16873,0.1851042
70.05303,5.08E-05,289.01865,0.15088242
71.31455,6.05E-05,288.57715,0.15743004
74.25685,3.12E-05,289.95547,0.18000434
78.49866,3.58E-05,291.81366,0.21945055
76.13884,5.32E-05,292.29117,0.31716856
76.319824,6.26E-05,293.31442,0.4069752
75.95426,7.09E-05,293.76694,0.48764047
76.894745,5.70E-05,293.88287,0.54270816
76.39314,4.71E-05,293.2092,0.57404584
83.04133,3.05E-05,293.0623,0.5281975
73.00596,6.37E-05,291.47308,0.308856
68.88152,7.16E-05,289.3766,0.16739142
74.0145,3.91E-05,289.23132,0.15480775
75.821655,3.59E-05,289.4001,0.16342366
85.86735,2.17E-05,291.27466,0.18186805
77.35189,5.00E-05,292.10815,0.21849036
75.45896,5.17E-05,292.75714,0.3270734
76.84245,5.83E-05,294.35635,0.4316136
75.767586,7.24E-05,294.4456,0.5182817
76.401474,4.75E-05,294.7802,0.5583497
74.710304,6.20E-05,294.01013,0.58566767
76.56866,4.81E-05,293.1746,0.49258378
72.771126,6.46E-05,291.22852,0.29506227
74.098404,5.24E-05,290.82062,0.16317764
71.48553,5.53E-05,289.2324,0.15140088
73.156654,4.80E-05,289.73267,0.15727949
76.354866,4.43E-05,290.403,0.17708251
77.11802,4.04E-05,291.38925,0.21838842
74.11019,5.69E-05,292.38382,0.30821076
78.0833,5.89E-05,293.54916,0.4567258
82.17957,5.13E-05,294.63416,0.5391867
75.64971,7.51E-05,294.26038,0.5738796
77.10359,4.81E-05,293.5107,0.6002275
71.56106,5.14E-05,292.08566,0.5648601
74.593994,4.62E-05,291.1148,0.3165086
72.033394,6.74E-05,290.42773,0.16263744
71.436775,5.50E-05,290.11734,0.15526852
69.19546,5.65E-05,288.7676,0.16246626
74.69888,4.32E-05,289.93372,0.18304123
72.57381,5.54E-05,290.46097,0.24080552
75.34389,4.91E-05,292.42975,0.34671324
76.72576,6.09E-05,293.45688,0.43870232
85.29154,5.00E-05,294.39673,0.5054249
81.31065,6.81E-05,294.5416,0.54260594
78.39781,5.22E-05,293.5646,0.57273257
76.64209,5.07E-05,292.7951,0.48903033
70.67265,6.17E-05,291.0795,0.28177458
68.93874,5.66E-05,289.4322,0.16184832
71.80262,5.82E-05,288.91214,0.14998378
73.594505,3.60E-05,289.34674,0.15858608
72.92351,4.33E-05,289.56635,0.18111894
74.63636,4.38E-05,290.93613,0.23008311
75.12307,5.17E-05,292.53302,0.37885976
77.17446,5.79E-05,293.63162,0.50677997
75.22815,6.45E-05,294.0482,0.55917567
74.61748,5.77E-05,294.16858,0.585118
73.90821,5.09E-05,293.49902,0.6090118
73.413246,5.80E-05,291.88156,0.5832742
74.71025,4.23E-05,290.8568,0.35443357
71.13873,5.14E-05,289.79834,0.18201993
73.94879,4.80E-05,289.7354,0.15782514
71.279396,4.15E-05,289.16266,0.1662818
72.687225,4.81E-05,289.80792,0.18740377
83.74123,3.65E-05,291.69907,0.23489031
78.02484,4.36E-05,293.61487,0.30778366
75.0309,6.97E-05,294.3836,0.43417263
77.349724,6.92E-05,294.60953,0.52175945
73.63618,5.07E-05,294.79163,0.56419545
74.79855,6.18E-05,294.37805,0.5915603
76.4163,4.57E-05,293.61642,0.46183336
72.52927,7.03E-05,292.03397,0.25965455
71.443825,6.89E-05,290.63422,0.16344896
72.389824,5.13E-05,289.6459,0.15781164
73.066086,5.66E-05,289.45242,0.16401038
71.480774,4.95E-05,289.6325,0.18726003
74.54303,4.70E-05,290.64178,0.2338348
76.18842,4.85E-05,292.18765,0.34930173
78.01131,5.92E-05,293.4914,0.51677966
81.12602,5.39E-05,294.31403,0.5688437
77.03078,5.70E-05,294.4752,0.5933493
77.92494,6.07E-05,294.26996,0.6164186
72.52692,5.61E-05,292.678,0.5317235
72.03973,6.31E-05,291.737,0.25467873
73.13043,4.82E-05,290.6137,0.16308658
70.74796,7.09E-05,289.8438,0.15718916
69.32507,5.65E-05,288.8045,0.16669683
71.02727,5.01E-05,289.43732,0.18936957
73.29979,4.25E-05,290.8852,0.23627372
78.74573,5.09E-05,292.35626,0.33404547
77.48391,5.33E-05,293.63882,0.48119774
77.10088,6.63E-05,293.87393,0.5539067
80.16779,5.45E-05,294.2806,0.5847088
79.42791,4.27E-05,293.954,0.6105065
71.25855,6.14E-05,292.38223,0.6246091
73.258896,5.50E-05,291.2404,0.4350275
77.59412,4.37E-05,290.9907,0.20746695
73.62007,5.23E-05,289.9918,0.16643949
68.142075,6.08E-05,288.76602,0.16927646
73.704475,5.42E-05,289.83078,0.19275428
77.05513,3.23E-05,290.85297,0.237466
74.1007,5.06E-05,292.89523,0.33750552
75.274414,4.36E-05,294.45013,0.47905228
76.538315,5.94E-05,295.5328,0.53476566
79.87439,5.79E-05,295.22342,0.5716008
76.135,5.39E-05,294.3508,0.5980339
71.71181,6.11E-05,292.68903,0.52346003
78.42315,4.29E-05,292.23843,0.31541938
75.76027,5.80E-05,290.94528,0.16448328
71.28051,5.99E-05,289.60632,0.14816217
75.03554,3.95E-05,290.0595,0.1547629
75.03229,4.24E-05,290.83496,0.17563884
73.22471,4.48E-05,291.7765,0.21353301
78.33213,5.43E-05,292.8046,0.288576
78.297966,6.55E-05,294.04825,0.39889315
79.75655,5.81E-05,294.57037,0.48310852
81.48022,5.51E-05,294.55298,0.5492924
79.96795,4.56E-05,294.29535,0.5836225
78.28076,5.13E-05,293.3837,0.5758242
71.95731,5.34E-05,291.93423,0.30758584
70.512,6.96E-05,290.9686,0.15785165
70.810745,5.33E-05,290.2167,0.14568423
74.116005,5.78E-05,289.495,0.15514791
75.9766,4.59E-05,290.2793,0.18018346
77.97028,3.06E-05,292.53223,0.23011847
76.394966,4.25E-05,293.70456,0.32122895
76.043846,7.08E-05,294.4207,0.41382244
79.59024,5.81E-05,294.85248,0.51869935
80.06047,5.34E-05,294.91113,0.5679297
74.52607,4.52E-05,294.44543,0.59866726
70.94781,6.79E-05,292.91675,0.56618917
75.327354,5.36E-05,291.16666,0.31143364
77.85938,3.92E-05,290.6534,0.16380583
73.96635,5.28E-05,290.3044,0.14030004
72.65765,4.74E-05,289.56906,0.15000571
73.465614,4.34E-05,289.9665,0.1714032
77.204445,4.21E-05,291.38016,0.2151886
77.81053,4.20E-05,293.12518,0.3127484
75.76103,5.40E-05,294.4559,0.4481325
77.972626,5.62E-05,295.50366,0.53752303
78.31629,5.08E-05,295.49564,0.57208174
79.255486,5.25E-05,295.23773,0.5990263
77.66379,3.86E-05,293.88614,0.5921627
71.83295,5.88E-05,292.50955,0.3579368
70.14952,6.81E-05,290.65353,0.17243849
71.37197,5.32E-05,290.21915,0.15306182
71.56909,5.45E-05,289.22244,0.15762791
71.20964,4.62E-05,290.0777,0.1794931
73.14229,4.11E-05,291.63312,0.23085402
77.80553,4.79E-05,293.0171,0.3625899
82.42328,5.36E-05,294.27884,0.49977827
77.48235,7.06E-05,294.44016,0.5420464
82.94457,5.02E-05,294.70154,0.56859577
79.05665,5.85E-05,293.91098,0.5949652
75.47441,4.92E-05,292.82886,0.566104
71.08895,5.77E-05,291.46112,0.26933187
74.966774,4.25E-05,290.82184,0.16229689
70.26394,4.63E-05,290.1265,0.14622346
74.386314,5.15E-05,290.07205,0.15147038
74.81314,4.61E-05,290.89948,0.17159732
75.43866,4.73E-05,291.82666,0.21961564
74.80699,6.01E-05,292.9181,0.34503737
83.18357,5.21E-05,294.37885,0.46685225
81.70312,6.73E-05,295.19315,0.52540004
80.68373,6.54E-05,295.20395,0.5657878
75.29931,5.79E-05,294.06512,0.59425974
77.77259,4.93E-05,293.51468,0.4884984
75.925316,7.16E-05,291.8799,0.22755052
70.14193,4.95E-05,290.52594,0.15261336
75.907455,4.23E-05,290.44458,0.14547025
75.31458,4.07E-05,290.35443,0.15553835
72.77146,4.43E-05,291.78732,0.17995027
74.86727,5.25E-05,291.9398,0.2354393
72.964935,5.60E-05,293.4628,0.32488304
73.478195,6.45E-05,294.4673,0.48373035
76.64871,7.13E-05,294.83868,0.5616911
75.47534,7.46E-05,294.66772,0.5878287
76.556564,5.43E-05,293.80728,0.61205924
74.82288,4.97E-05,293.36847,0.54609185
73.194916,5.84E-05,291.38153,0.25972527
73.489586,5.23E-05,290.6665,0.1544422
69.715675,6.87E-05,289.2781,0.1465588
69.978294,5.52E-05,289.3114,0.15753084
72.167816,3.95E-05,290.298,0.18442425
79.251076,3.42E-05,292.19278,0.23667917
75.89547,5.34E-05,294.13025,0.3608031
77.61565,6.98E-05,294.40192,0.5093476
84.47331,4.74E-05,295.2544,0.55150366
79.594284,6.97E-05,295.35507,0.5810611
75.72112,5.57E-05,294.50925,0.60883623
71.291794,6.88E-05,293.01944,0.6073553
70.98948,5.22E-05,291.6037,0.39599118
72.399506,7.10E-05,290.60034,0.18116857
71.06104,6.20E-05,289.72052,0.14293845
74.04398,5.38E-05,289.60495,0.1466521
72.47578,4.08E-05,290.0119,0.16680324
73.10729,5.22E-05,291.3723,0.20532551
76.22679,4.63E-05,293.0989,0.29777816
73.37712,5.91E-05,293.89703,0.40389472
75.89022,7.86E-05,294.3574,0.4836305
80.36552,4.96E-05,294.9163,0.53866315
76.59277,5.18E-05,294.1747,0.5753689
74.440956,5.76E-05,293.01608,0.52544296
72.517265,5.84E-05,291.32013,0.27949488
72.3582,5.70E-05,290.4112,0.15340169
71.5407,5.57E-05,289.85873,0.14507407
70.23936,5.46E-05,289.2527,0.15539016
76.26792,3.84E-05,290.42947,0.17485641
80.52216,2.59E-05,292.57275,0.22597866
75.26736,4.56E-05,294.0962,0.32919878
78.27751,5.48E-05,295.157,0.45150182
78.55097,5.58E-05,295.53763,0.52851903
76.68028,5.31E-05,295.60294,0.5728251
78.35063,4.93E-05,295.18948,0.60107905
74.736786,6.82E-05,293.50745,0.4705997
75.30398,4.84E-05,291.7592,0.23225667
71.8594,5.26E-05,290.87848,0.16249599
73.660324,4.88E-05,290.09778,0.14962174
73.918175,4.58E-05,289.8735,0.15592706
75.00376,3.35E-05,291.11386,0.17924021
79.063545,3.70E-05,292.3307,0.23181131
76.57211,6.10E-05,293.57883,0.32026556
77.73184,4.78E-05,294.5649,0.4568148
73.767624,6.07E-05,294.99146,0.5290846
77.96564,6.32E-05,294.76245,0.5635384
79.47135,5.74E-05,294.0519,0.5891838
72.48387,4.82E-05,293.08194,0.48354247
72.36474,5.76E-05,291.75937,0.29120466
73.96082,5.31E-05,290.74475,0.15568891
69.85465,6.24E-05,289.4178,0.13960645
71.70296,3.69E-05,290.17804,0.1458154
74.86839,4.40E-05,290.7428,0.16227704
72.95179,4.97E-05,291.61435,0.1979406
75.04438,5.49E-05,293.00888,0.26505876
78.70212,6.19E-05,294.10266,0.43891558
84.314926,4.89E-05,295.03033,0.54123545
77.464645,7.34E-05,294.66855,0.5718663
77.31172,4.69E-05,293.89206,0.59892005
75.21202,4.16E-05,293.05963,0.50219756
70.63141,6.12E-05,291.6232,0.26225823
69.16906,6.85E-05,289.8487,0.16249162
74.639275,4.73E-05,289.3174,0.1438337
78.5162,3.72E-05,289.74304,0.14907798
82.383934,3.41E-05,290.4592,0.16813387
80.64481,3.60E-05,292.02274,0.21041787
77.78736,4.02E-05,293.80106,0.32286543
76.39846,5.47E-05,294.8852,0.4423056
76.56277,4.94E-05,295.8508,0.53649455
73.71935,6.00E-05,295.67737,0.5755618
75.4862,5.73E-05,294.38684,0.59811413
75.23274,6.45E-05,293.6668,0.5080951
73.17111,5.74E-05,291.7416,0.29239252
76.01423,4.18E-05,290.81644,0.15325218
74.4484,4.62E-05,290.10764,0.13937953
76.62841,4.02E-05,290.4413,0.1468572
73.28543,3.94E-05,290.74084,0.16717061
73.57036,4.76E-05,291.7051,0.20826906
76.23576,5.13E-05,293.29764,0.29944676
80.50859,5.92E-05,294.37726,0.45069277
83.91831,5.17E-05,295.49448,0.5442835
79.78465,6.59E-05,295.4907,0.5739526
77.20862,6.68E-05,294.49097,0.5998846
76.77986,4.43E-05,293.6847,0.5348883
72.66916,4.60E-05,292.5662,0.31130576
72.67858,6.31E-05,291.39066,0.15941226
72.04029,5.23E-05,290.28217,0.1416144
68.83791,4.87E-05,290.45523,0.14716807
75.59303,3.66E-05,291.33194,0.16896334
72.46009,4.96E-05,292.30267,0.20784105
78.12967,5.77E-05,293.61353,0.30166736
79.15423,6.60E-05,294.69614,0.44529638
78.51206,6.40E-05,294.7947,0.54342
77.196075,5.79E-05,295.0591,0.574764
73.95976,5.50E-05,294.21976,0.60299444
72.29997,5.08E-05,293.0106,0.53789324
75.03278,6.01E-05,291.95956,0.3097039
69.4154,5.82E-05,290.13852,0.1612481
70.5849,4.53E-05,290.37482,0.15064035
72.17087,5.06E-05,290.11133,0.15701804
75.499,4.38E-05,290.69037,0.17760262
78.54239,4.22E-05,292.6528,0.21375147
76.0827,5.61E-05,293.9526,0.35482374
76.069115,6.23E-05,294.75473,0.5055238
77.145615,5.95E-05,295.67487,0.56096447
80.60033,5.45E-05,295.49365,0.5871707
71.898994,5.59E-05,294.71262,0.6104288
75.98772,4.69E-05,294.16144,0.5806949
76.975266,5.97E-05,293.1986,0.32554233
70.171394,6.16E-05,291.00516,0.15895769
71.90632,5.35E-05,290.52444,0.14254777
75.516266,4.74E-05,290.50046,0.15128459
75.85325,3.73E-05,291.45044,0.17128594
76.486496,4.67E-05,292.07153,0.21643664
75.34376,5.70E-05,293.4332,0.34795126
79.91565,5.63E-05,294.38562,0.4748776
77.84395,6.46E-05,295.0318,0.5261127
78.790375,4.70E-05,295.04962,0.57236314
77.08337,5.71E-05,294.62134,0.6065494
70.00115,6.05E-05,293.26572,0.5970784
75.03166,4.84E-05,292.3041,0.37453127
71.31232,6.48E-05,291.0539,0.18435182
70.08205,6.07E-05,289.52222,0.15017809
71.11591,5.01E-05,289.8691,0.15388812
74.113075,4.12E-05,290.2583,0.17266433
76.62876,4.00E-05,291.94858,0.21233858
78.416595,5.17E-05,293.38638,0.36819667
78.306404,6.65E-05,294.2974,0.4938356
81.02625,6.25E-05,294.86017,0.54712105
81.864296,4.74E-05,295.1395,0.5762627
79.21025,4.54E-05,294.88657,0.59156966
75.1851,6.34E-05,293.84772,0.49602497
70.94075,6.71E-05,291.94406,0.25417408
71.623344,6.62E-05,290.94925,0.15296182
70.53715,6.31E-05,289.45807,0.14765717
72.71923,4.59E-05,289.22702,0.15532008
73.22888,4.63E-05,290.0036,0.17433174
76.425545,3.84E-05,291.7836,0.21061155
78.88456,4.92E-05,293.43878,0.35210213
81.74691,4.88E-05,295.1549,0.47979102
83.81752,4.81E-05,295.677,0.542618
79.27482,6.00E-05,295.03012,0.5730601
74.25119,5.62E-05,293.98105,0.5979209
75.69069,4.50E-05,293.47876,0.52881485
77.12584,6.07E-05,292.24948,0.24780267
71.77446,5.09E-05,290.8809,0.15640017
71.07929,6.26E-05,289.96518,0.13600558
72.1274,5.04E-05,289.45923,0.14642099
75.2041,4.04E-05,290.231,0.16378298
79.723656,4.17E-05,292.15402,0.19926076
71.88401,5.50E-05,293.0722,0.30349305
75.704254,5.94E-05,294.14096,0.46888742
80.08177,4.92E-05,295.70273,0.5617816
81.6279,5.39E-05,294.9789,0.5884313
75.5201,5.57E-05,294.45557,0.61312926
74.45458,5.71E-05,293.51285,0.5825134
74.50144,4.78E-05,292.39215,0.3801011
74.55389,4.67E-05,291.46927,0.17737234
68.05364,6.59E-05,289.78806,0.14923286
75.26696,5.60E-05,290.4678,0.15869059
74.19455,4.60E-05,290.5169,0.17858516
77.07723,2.89E-05,292.54523,0.2292989
78.50046,4.94E-05,293.75055,0.33766878
76.72801,6.21E-05,294.771,0.4739881
76.26869,6.76E-05,295.0077,0.54935694
75.32627,5.28E-05,294.96182,0.5862981
74.99821,5.72E-05,294.53442,0.6138133
72.70974,5.86E-05,292.99866,0.5420529
75.09061,4.32E-05,291.7999,0.23329777
72.968346,6.11E-05,291.12222,0.15353496
71.658455,6.68E-05,289.71335,0.14651226
68.613815,5.05E-05,288.68362,0.1511628
77.990585,3.07E-05,290.78323,0.16916786
79.63344,4.49E-05,292.09143,0.22272518
75.02538,5.23E-05,292.74268,0.3719455
78.50619,5.71E-05,294.19235,0.50621027
78.849625,5.45E-05,294.83612,0.55654
76.362785,5.42E-05,294.76074,0.58997244
77.83883,4.94E-05,294.7835,0.6134664
75.68736,5.04E-05,293.4452,0.5640609
74.08887,5.92E-05,292.10245,0.31726375
70.401794,5.90E-05,290.47977,0.17838414
72.417496,5.68E-05,289.39325,0.15279351
77.1434,3.74E-05,289.87335,0.16054267
76.48348,3.50E-05,291.15018,0.18519539
79.17188,3.08E-05,292.951,0.22950812
78.239624,5.35E-05,294.06482,0.30954498
75.91878,6.72E-05,294.50247,0.43526575
82.66169,4.69E-05,295.22012,0.52593225
77.38284,6.13E-05,295.09445,0.5760323
75.564674,4.97E-05,294.6815,0.6020166
78.09142,4.23E-05,294.12772,0.55562633
76.980034,4.75E-05,292.93665,0.24357148
74.08723,4.79E-05,291.4765,0.15279472
72.44709,5.88E-05,290.96948,0.13619821
75.95156,3.89E-05,290.8921,0.14425091
75.955635,4.31E-05,291.3215,0.16299486
76.211006,4.12E-05,292.23038,0.19997323
79.51758,4.45E-05,293.95007,0.28759444
73.59691,6.56E-05,294.59024,0.45024773
78.26103,6.75E-05,295.0245,0.5259577
83.220695,4.98E-05,295.3591,0.56011695
76.33637,5.91E-05,294.3492,0.58823985
72.77695,5.19E-05,293.42563,0.55245167
68.4461,7.24E-05,291.7032,0.27403635
70.776855,5.36E-05,290.84836,0.15250778
71.358955,6.61E-05,289.68457,0.13801004
69.5991,5.90E-05,289.16354,0.14811362
74.67651,4.42E-05,290.39465,0.1699055
74.90021,4.25E-05,291.65982,0.22034964
78.32145,4.45E-05,294.0017,0.31753805
80.75115,5.60E-05,294.76587,0.4540909
79.16843,7.75E-05,294.93982,0.52290845
81.610825,5.18E-05,295.04413,0.56228685
77.792595,4.98E-05,294.68195,0.5923445
77.58203,4.78E-05,293.74326,0.5468181
73.54496,5.99E-05,292.05377,0.30106542
74.03892,5.25E-05,291.36694,0.14761375
70.14391,4.93E-05,290.12183,0.12898207
71.71088,5.19E-05,290.0303,0.13635027
71.512726,3.92E-05,291.1693,0.15471517
75.44176,4.01E-05,292.6925,0.19895299
80.40298,4.12E-05,293.96872,0.27397978
78.62737,4.68E-05,295.65295,0.44016972
78.12104,7.21E-05,296.15942,0.5116043
77.36878,6.74E-05,295.89996,0.56144327
78.404976,4.55E-05,294.66946,0.5917028
77.00623,5.43E-05,294.22122,0.5885339
71.600044,5.89E-05,292.27765,0.3536276
70.61253,6.26E-05,291.23233,0.15650868
70.95363,6.11E-05,289.75522,0.13223672
72.59472,4.69E-05,290.02817,0.14004128
77.27059,4.36E-05,290.92093,0.15830909
80.21195,3.56E-05,292.0147,0.19536331
77.834465,5.23E-05,293.73813,0.31708872
75.34385,5.77E-05,294.82166,0.44103074
75.418495,5.39E-05,295.35547,0.512974
78.10304,4.56E-05,295.84027,0.55379033
75.27648,6.30E-05,295.0353,0.57835186
73.49289,4.98E-05,293.76163,0.5053894
76.477295,4.66E-05,292.7735,0.27820927
68.743385,7.34E-05,291.3039,0.15289286
71.575386,6.14E-05,290.4897,0.13424994
76.29847,3.60E-05,290.57346,0.1403088
76.33475,4.73E-05,290.9015,0.15892908
78.92763,3.93E-05,292.06387,0.20411119
79.479935,3.83E-05,294.22812,0.27548632
76.75822,6.99E-05,294.96753,0.4384698
78.92179,6.37E-05,295.50357,0.5417979
80.20033,4.93E-05,295.5407,0.574692
79.57053,5.90E-05,294.95316,0.5756701
72.84063,7.15E-05,292.86145,0.46103063
74.26063,6.54E-05,291.8363,0.23419239
73.06109,6.13E-05,290.0703,0.14477094
71.44761,5.06E-05,289.67828,0.13195743
78.98354,3.53E-05,290.2125,0.14021547
74.6858,4.22E-05,290.57086,0.16081342
77.823135,4.07E-05,292.44687,0.20185353
76.46598,6.02E-05,293.8111,0.29586318
80.00808,5.86E-05,294.40143,0.46590048
80.61754,5.27E-05,295.23987,0.55706906
78.3024,6.84E-05,295.15475,0.58373266
77.404884,6.01E-05,294.681,0.6079033
73.812035,5.68E-05,293.33893,0.5828991
72.664314,5.20E-05,292.44943,0.31428272
74.00898,5.72E-05,291.63013,0.14892538
72.970566,4.93E-05,290.80222,0.13111527
78.15202,3.44E-05,291.7667,0.13602678
70.78503,6.16E-05,291.26358,0.1516579
75.81564,5.02E-05,292.23358,0.1911509
78.82981,4.84E-05,294.25278,0.27448955
77.051926,7.04E-05,295.3058,0.40266204
81.69927,7.39E-05,295.7551,0.5440099
82.033066,6.36E-05,295.7661,0.579168
77.87347,6.31E-05,294.81683,0.5928828
75.52006,4.46E-05,294.11374,0.4256612
74.70957,6.72E-05,292.7345,0.19511813
72.67502,5.83E-05,291.11557,0.13893697
72.19851,5.09E-05,291.0837,0.13563126
70.90499,4.98E-05,290.52213,0.14459682
74.11833,4.12E-05,291.78928,0.16356662
73.01134,5.29E-05,292.6508,0.20460705
77.64226,5.25E-05,294.79044,0.35498974
76.99435,6.36E-05,295.78137,0.46562707
74.2189,7.56E-05,295.88388,0.52129924
74.98137,6.23E-05,296.1033,0.5621654
77.58831,5.67E-05,295.4394,0.5848156
78.143776,5.41E-05,294.73578,0.51482993
71.3815,7.27E-05,292.938,0.24830553
70.77669,6.62E-05,291.63544,0.14110893
71.03661,6.19E-05,290.97635,0.12876448
73.64517,5.19E-05,290.6554,0.1355731
75.925186,3.81E-05,291.80136,0.15477973
77.70104,3.97E-05,293.60205,0.20025235
76.38155,6.01E-05,294.6658,0.3330979
77.032036,5.40E-05,295.5531,0.4534529
75.42095,7.35E-05,296.05273,0.515513
80.13952,6.46E-05,296.2332,0.5592339
74.86382,6.65E-05,295.18542,0.577151
74.835625,5.64E-05,293.75333,0.5024221
72.95472,5.44E-05,292.64844,0.21512079
74.527725,5.61E-05,292.238,0.13585117
71.42538,5.79E-05,291.03137,0.13087861
72.02693,5.07E-05,291.0125,0.13905129
71.983635,4.37E-05,291.11124,0.15665522
76.80948,4.69E-05,292.59415,0.19460188
77.89083,5.38E-05,294.1886,0.27613905
81.14244,6.75E-05,295.0169,0.45222166
81.22079,6.23E-05,295.40726,0.5454955
81.531235,7.05E-05,295.82718,0.57694745
75.5408,6.19E-05,294.88565,0.6074718
72.58627,6.42E-05,294.06985,0.5525492
73.90696,5.49E-05,292.83682,0.2976451
71.21122,7.67E-05,291.30127,0.15471554
72.28814,5.96E-05,290.77103,0.13695605
71.45711,5.10E-05,290.69492,0.14627516
74.888824,5.34E-05,291.09882,0.16820325
82.53158,3.27E-05,292.7523,0.21509224
80.259056,4.59E-05,294.45676,0.29659596
78.735466,5.46E-05,295.94653,0.42849976
79.31816,7.72E-05,296.16992,0.53384143
77.70224,7.04E-05,295.4583,0.57395154
76.360565,5.60E-05,294.73492,0.6050428
76.17321,5.47E-05,293.983,0.5844406
71.47452,7.15E-05,292.40533,0.34373522
74.45207,5.79E-05,291.2358,0.15232444
71.81768,5.47E-05,290.53864,0.131382
73.79719,4.09E-05,290.8498,0.14260158
73.16915,4.49E-05,291.39926,0.16885196
75.02406,4.75E-05,292.7288,0.24338275
77.33962,5.90E-05,293.62274,0.35640478
77.93239,5.63E-05,295.15085,0.49524936
75.82531,7.79E-05,295.40137,0.5513799
77.53326,6.68E-05,295.07635,0.59158015
79.95496,4.97E-05,294.76666,0.61877865
76.52439,4.55E-05,293.9682,0.6082911
70.9142,7.06E-05,292.71124,0.30671433
71.41814,6.95E-05,291.42706,0.14458671
70.10696,5.63E-05,290.15552,0.12707782
73.319534,4.55E-05,290.68884,0.13421029
73.168335,4.36E-05,291.24124,0.1527567
79.9668,3.68E-05,293.35867,0.18918398
74.46079,5.30E-05,294.79285,0.28129226
72.52031,6.56E-05,295.33466,0.46176293
75.32975,8.33E-05,295.52805,0.552377
75.33694,8.10E-05,294.9707,0.59390193
77.03475,5.62E-05,294.0357,0.6164468
74.92165,5.83E-05,293.21835,0.50067717
74.59868,4.54E-05,292.7669,0.24674629
71.57081,5.14E-05,291.67636,0.14195305
74.44557,4.86E-05,291.32147,0.13012102
72.91936,4.60E-05,291.32642,0.13308261
70.98409,3.75E-05,291.71484,0.15236272
74.75301,5.17E-05,293.21713,0.19675085
73.95228,6.44E-05,293.62204,0.28478596
75.805824,6.57E-05,294.6408,0.4110959
78.65723,6.55E-05,295.6597,0.52108467
83.30892,4.87E-05,295.6253,0.5643573
77.319435,5.45E-05,295.35797,0.58078665
71.64436,7.48E-05,293.578,0.48030877
73.19034,6.59E-05,292.4077,0.19561505
71.161316,7.77E-05,291.22095,0.1294661
70.99212,5.34E-05,290.2165,0.1282909
73.972115,4.10E-05,290.64096,0.13971306
81.702194,3.62E-05,291.52682,0.16229759
78.243454,3.91E-05,292.78342,0.20300277
76.26164,5.01E-05,294.5134,0.30963713
75.88447,6.89E-05,295.12442,0.41421565
79.646965,6.44E-05,295.45047,0.4906858
81.34553,5.53E-05,296.01636,0.5437944
76.82048,5.81E-05,294.85114,0.57781714
76.88482,5.59E-05,293.9355,0.4266027
76.63543,4.80E-05,292.85846,0.17795996
73.60079,7.06E-05,291.4769,0.12857714
74.65416,6.28E-05,290.6394,0.123767875
71.297295,4.95E-05,290.40997,0.13370377
72.95383,4.35E-05,290.7385,0.1531231
76.39665,4.27E-05,292.48987,0.18955646
76.36627,5.31E-05,293.72653,0.29489416
80.98335,6.50E-05,294.97092,0.41048267
80.14303,6.32E-05,295.6218,0.5262257
75.83711,5.64E-05,295.73584,0.5773443
77.221016,5.25E-05,295.47568,0.6106585
76.42846,5.34E-05,294.1517,0.6026936
76.2497,5.08E-05,293.32645,0.33007443
71.57059,4.83E-05,291.99225,0.16406073
74.52238,4.84E-05,291.61365,0.12788473
71.27007,5.46E-05,290.91345,0.13820063
76.86198,3.99E-05,292.1342,0.15874578
75.52097,4.92E-05,292.75403,0.20478247
81.105,4.17E-05,294.83206,0.29674962
74.44419,5.63E-05,296.09222,0.39176992
76.12114,4.93E-05,297.1271,0.4903626
75.45037,5.10E-05,297.0955,0.5544924
77.94637,6.49E-05,296.05704,0.58849514
70.517975,6.55E-05,294.49225,0.4724374
71.15528,6.40E-05,292.9309,0.17997085
73.61449,6.21E-05,292.45853,0.124275506
68.005424,5.45E-05,291.0264,0.12166315
70.438065,4.91E-05,290.55862,0.13301279
71.81371,4.76E-05,291.49005,0.1498248
75.934456,4.65E-05,292.48184,0.18758744
78.10558,4.95E-05,294.1467,0.27629882
78.63529,5.95E-05,295.53363,0.41134834
80.38713,6.34E-05,295.96332,0.5316101
79.35558,5.49E-05,295.85107,0.5823215
76.28766,5.59E-05,295.40445,0.6135449
75.24293,5.43E-05,294.41592,0.604283
71.80374,6.16E-05,292.73264,0.2909353
71.873436,7.41E-05,291.76526,0.14239348
75.6963,4.63E-05,291.0219,0.12534077
72.82816,5.05E-05,290.83456,0.12657146
71.611885,5.08E-05,290.68677,0.14432211
75.37748,4.24E-05,292.54062,0.17997834
77.04512,5.55E-05,293.6374,0.2797739
80.2469,6.13E-05,294.51337,0.46044344
79.5904,7.08E-05,295.0382,0.5639183
78.83679,6.40E-05,295.19803,0.603522
77.98728,5.19E-05,294.55582,0.6257318
73.24256,5.32E-05,293.42593,0.4986615
78.92511,4.81E-05,292.8982,0.20222273
70.10271,6.45E-05,291.1934,0.1293275
69.348495,5.81E-05,290.3763,0.12290275
72.92857,4.96E-05,290.5468,0.13316758
75.7086,4.28E-05,290.97678,0.15386942
74.14133,4.34E-05,292.28378,0.19916514
78.249054,5.68E-05,293.64026,0.28148383
75.654816,6.02E-05,294.46606,0.38736603
78.9496,6.34E-05,295.47632,0.47123343
77.76468,5.65E-05,295.20148,0.56169903
74.78502,6.11E-05,294.23508,0.59974927
76.70388,5.12E-05,293.62796,0.5549097
73.77382,6.25E-05,292.35968,0.27801675
72.422134,5.23E-05,291.21072,0.13243182
75.95089,4.12E-05,291.01712,0.12477673
73.768265,3.95E-05,290.7791,0.13444293
76.20086,4.12E-05,291.89365,0.15611123
73.54621,5.13E-05,292.62708,0.2031743
77.4821,5.19E-05,294.18967,0.30046952
77.08228,6.10E-05,295.4019,0.4322892
78.00579,8.00E-05,295.73773,0.5156651
80.55016,5.93E-05,295.55124,0.566827
77.6675,5.08E-05,295.25552,0.6048792
74.68129,5.75E-05,294.237,0.5335226
73.594574,4.77E-05,292.76062,0.24197452
71.12757,5.93E-05,291.79126,0.14060216
68.176575,5.91E-05,290.65143,0.12121521
73.37392,5.00E-05,290.81354,0.125095
76.183105,4.27E-05,291.7066,0.14235468
75.38782,4.71E-05,292.41397,0.18246229
79.11289,4.36E-05,294.32944,0.25192213
75.928055,6.91E-05,295.18057,0.3546899
87.1017,4.32E-05,296.08786,0.44376123
76.81616,7.33E-05,295.67282,0.51735604
78.519745,6.35E-05,295.07913,0.5725874
70.37036,5.16E-05,293.82513,0.54735714
72.523994,5.89E-05,292.4373,0.26662856
70.92338,6.15E-05,291.47714,0.129953
75.57439,5.42E-05,290.77924,0.11794852
72.47734,5.69E-05,290.7339,0.12656954
71.495895,4.89E-05,290.97998,0.14590485
76.92735,3.65E-05,293.2415,0.18448643
77.27458,5.55E-05,294.96286,0.27738008
78.85627,6.96E-05,295.14948,0.42027724
78.14818,7.64E-05,295.3812,0.50979936
80.54882,6.11E-05,295.3896,0.56890154
80.054,4.34E-05,295.40475,0.6036386
75.35006,4.97E-05,294.57816,0.5569277
77.16503,4.96E-05,293.27863,0.2956522
72.53374,6.89E-05,292.32834,0.13680369
71.94805,7.06E-05,291.0985,0.12244025
73.194305,5.88E-05,290.17746,0.12524547
76.18228,3.89E-05,292.0528,0.14033905
75.665054,5.12E-05,292.07983,0.17601836
79.84314,4.49E-05,294.13724,0.2518511
79.40791,5.21E-05,295.07474,0.4262867
77.363335,5.09E-05,296.35458,0.52203095
79.14309,6.46E-05,296.3572,0.56621075
78.02984,4.99E-05,295.43784,0.5983169
74.91322,4.81E-05,294.18466,0.52394086
70.182526,6.13E-05,292.5166,0.1961008
72.56768,5.59E-05,291.4569,0.122863345
75.84136,4.23E-05,290.68875,0.121272065
72.034096,4.50E-05,290.483,0.12832792
75.34936,3.57E-05,291.69128,0.14764045
75.53003,4.74E-05,293.26874,0.18864064
81.895035,3.82E-05,294.98254,0.27500123
78.12598,6.06E-05,296.16916,0.43157837
76.60195,6.42E-05,296.40475,0.51136154
76.571365,6.89E-05,295.85126,0.5568994
75.28279,5.01E-05,295.56015,0.5809786
72.84514,5.96E-05,294.35635,0.5090108
76.09446,4.67E-05,293.70035,0.21594831
76.62367,4.82E-05,292.774,0.12747686
71.41424,5.21E-05,291.64938,0.11915593
73.12057,4.97E-05,291.68173,0.12684798
71.0463,4.95E-05,291.71716,0.14662074
75.91591,4.69E-05,293.1789,0.17938049
77.321724,5.76E-05,294.26172,0.23760338
74.1094,7.15E-05,295.48566,0.3908961
78.5339,5.03E-05,296.3166,0.5483589
74.88526,6.73E-05,295.91693,0.59550136
75.22205,5.63E-05,295.43344,0.6210437
75.84603,5.74E-05,294.05173,0.5313537
75.72181,5.58E-05,293.16302,0.25490007
72.80122,5.51E-05,291.9877,0.13963217
74.268974,4.48E-05,291.69217,0.117421605
73.24716,4.92E-05,291.3837,0.12638038
72.03916,5.22E-05,291.3468,0.14620675
80.77417,3.07E-05,293.40372,0.1795428
74.610535,6.74E-05,294.71417,0.27090842
82.08853,5.30E-05,295.64944,0.4010451
83.180214,6.28E-05,296.38528,0.53828603
80.62404,6.16E-05,296.39087,0.59175074
79.51321,5.62E-05,295.24884,0.61262953
76.14157,5.41E-05,294.30267,0.4394923
72.33171,5.80E-05,293.0137,0.1777945
70.5825,5.98E-05,292.01144,0.12480313
70.60175,5.93E-05,291.2806,0.12096341
70.63886,6.37E-05,290.59323,0.12581491
77.801796,4.82E-05,291.32953,0.14250578
74.35679,4.43E-05,292.31537,0.17678498
80.38761,4.81E-05,294.49628,0.25386894
80.83658,5.00E-05,295.84,0.4138752
80.10794,5.98E-05,296.42462,0.5227873
85.14947,4.60E-05,296.86133,0.57990307
86.78726,3.75E-05,297.16357,0.6075932
73.8511,6.16E-05,294.84906,0.5435757
74.35394,6.37E-05,293.4113,0.23672174
72.34003,4.51E-05,292.37555,0.124639794
71.04452,7.26E-05,291.0744,0.11469673
75.17516,4.13E-05,291.65915,0.12382529
71.92532,5.40E-05,292.0406,0.14285135
72.994064,5.04E-05,293.11786,0.17819287
80.39024,4.53E-05,294.48126,0.2506304
77.667656,7.19E-05,295.32953,0.38672906
77.00849,6.69E-05,296.25043,0.5033342
80.07309,5.87E-05,296.2525,0.56873864
77.67832,7.48E-05,295.4211,0.608476
77.90677,5.59E-05,293.99155,0.5760859
76.54974,4.74E-05,293.204,0.2217578
74.57159,5.28E-05,292.25345,0.12526953
72.22333,6.32E-05,291.0975,0.11649896
75.14833,4.86E-05,291.48962,0.122787826
77.135544,3.45E-05,292.81607,0.14335625
75.13739,4.96E-05,293.5467,0.18442565
76.47371,3.99E-05,295.49863,0.26160893
75.83341,7.29E-05,296.45654,0.36555535
79.14447,5.86E-05,297.13086,0.46903166
77.92168,6.62E-05,296.91806,0.5237965
77.20037,5.69E-05,296.17276,0.56923914
76.244736,5.38E-05,295.17438,0.5005598
74.44211,5.51E-05,293.76065,0.22313936
70.62291,6.10E-05,292.49503,0.12001502
73.59087,5.87E-05,291.71042,0.11195654
72.92834,5.49E-05,291.9684,0.121005155
73.15247,5.07E-05,292.0316,0.13844898
80.53195,4.70E-05,293.4912,0.17096536
74.95518,4.80E-05,294.80283,0.23505835
75.95338,6.64E-05,295.96667,0.3300576
81.44443,6.83E-05,296.25244,0.44157636
80.50162,5.97E-05,296.12943,0.52789676
76.463066,5.45E-05,295.69763,0.57567614
75.36037,5.70E-05,294.58246,0.5190711
78.863754,4.96E-05,293.84525,0.20779479
73.86897,5.63E-05,292.64557,0.11755482
72.12044,5.76E-05,291.8439,0.11355108
70.36922,5.39E-05,291.6478,0.122483104
74.52397,4.11E-05,292.4416,0.1374184
76.816605,4.09E-05,293.6522,0.18478315
76.53092,4.94E-05,295.19604,0.27232215
75.263145,6.94E-05,296.1362,0.42047775
76.517006,7.57E-05,296.11993,0.5239167
79.16375,4.65E-05,296.40533,0.5781542
72.87329,7.48E-05,295.29453,0.6021874
74.97378,5.60E-05,294.17233,0.46477053
76.69613,4.65E-05,293.27695,0.17976846
71.56009,6.51E-05,292.2613,0.115334615
70.77717,5.38E-05,291.23105,0.11569234
72.07525,4.86E-05,291.44366,0.122675955
70.64668,4.70E-05,291.6062,0.14236543
78.69709,4.35E-05,293.40073,0.18728168
75.120605,5.22E-05,294.65643,0.2713345
80.779305,4.64E-05,295.6715,0.42846942
81.54511,6.38E-05,296.25635,0.52168036
81.5754,5.26E-05,296.1496,0.57875854
80.946304,4.53E-05,296.0646,0.614999
77.89032,4.73E-05,295.09702,0.5876313
72.48025,6.00E-05,293.45813,0.24769193
70.77097,6.70E-05,292.2268,0.12107925
69.480354,6.28E-05,290.70834,0.11647596
77.02823,3.58E-05,291.82285,0.12219627
76.64937,4.52E-05,292.1901,0.13944769
74.70165,4.56E-05,293.8884,0.18005031
79.33479,4.38E-05,295.16666,0.23619658
77.31103,6.50E-05,296.36197,0.3363478
77.60996,6.61E-05,296.66238,0.44746736
76.07313,7.05E-05,296.17572,0.54122317
77.15454,6.81E-05,295.34756,0.57374567
73.10031,4.84E-05,294.17566,0.44311592
72.03705,5.45E-05,293.4169,0.19133686
71.326,5.67E-05,292.20236,0.11659999
69.56345,5.48E-05,291.50342,0.11485549
74.325874,4.51E-05,291.76028,0.11904266
75.71754,3.70E-05,292.734,0.13543789
80.14822,3.75E-05,293.9616,0.16906878
77.58828,5.91E-05,295.44836,0.23244213
77.37041,6.56E-05,295.7865,0.36472854
83.96982,5.26E-05,297.30438,0.45615375
83.5408,5.93E-05,297.00055,0.5421792
74.26693,6.64E-05,295.74777,0.5896159
73.79532,6.42E-05,294.33987,0.5281396
71.857666,6.34E-05,293.35883,0.22720307
68.36051,7.33E-05,291.51895,0.12038992
70.77627,6.80E-05,290.4853,0.11500892
77.263145,4.45E-05,290.9804,0.117004335
73.3613,4.57E-05,291.18378,0.13051188
76.16327,4.22E-05,293.05518,0.16761051
78.2824,5.06E-05,294.33694,0.25717223
79.44832,6.85E-05,295.4172,0.38395217
78.467926,6.78E-05,295.77185,0.49284327
79.619576,5.19E-05,296.0646,0.5525497
76.17547,6.07E-05,295.477,0.5840509
72.283905,5.55E-05,294.41907,0.47455218
71.06987,5.60E-05,293.15005,0.22882226
75.86337,5.35E-05,292.21658,0.12252993
72.09202,4.88E-05,291.526,0.115924045
73.21752,5.08E-05,291.1954,0.124822244
72.057846,4.64E-05,291.551,0.14265683
80.59228,3.12E-05,293.92657,0.17682512
78.87713,4.87E-05,295.9671,0.23478864
77.87717,6.04E-05,296.81998,0.34944052
79.15145,4.96E-05,297.70844,0.43878597
78.65683,5.28E-05,297.56836,0.5109657
76.796616,4.81E-05,296.9319,0.56120825
75.90622,5.58E-05,295.97052,0.40998575
76.89064,5.89E-05,294.48264,0.16128339
71.8915,6.23E-05,293.23407,0.11420954
69.27744,5.91E-05,292.04846,0.11453877
72.233246,5.78E-05,291.5134,0.12340715
79.134705,4.42E-05,292.72995,0.1436014
76.80407,4.59E-05,293.91058,0.17737646
80.951355,3.61E-05,295.85367,0.27167666
77.80886,7.81E-05,296.91754,0.4396221
81.709526,6.32E-05,297.00687,0.533303
81.63851,7.46E-05,297.44763,0.5867533
80.61934,6.18E-05,296.287,0.6014718
75.670166,5.45E-05,294.97604,0.46376258
74.6284,6.16E-05,294.1831,0.1837322
74.56985,5.37E-05,293.24078,0.11166218
69.26143,6.54E-05,291.88193,0.11072368
70.64672,5.28E-05,292.2452,0.117079884
70.88823,6.26E-05,292.20602,0.13477114
75.01744,4.18E-05,293.81955,0.16397315
74.50722,5.05E-05,295.34036,0.21506009
77.65675,7.23E-05,296.19556,0.33683062
79.348274,7.30E-05,296.3831,0.49993318
81.112015,5.51E-05,296.70715,0.57287604
75.14284,5.21E-05,296.0465,0.6162554
73.36857,5.42E-05,295.03085,0.5161093
74.1427,5.83E-05,294.1351,0.18762559
78.4209,5.30E-05,292.96927,0.11900625
74.36316,5.89E-05,292.04306,0.114098445
69.49796,5.64E-05,291.5387,0.12294837
74.98641,4.61E-05,292.5459,0.14599921
78.57443,4.13E-05,293.8579,0.18767208
75.92315,5.97E-05,295.44754,0.27572045
79.4049,6.08E-05,296.38754,0.41280988
82.3504,5.45E-05,297.20114,0.5212058
78.618095,5.14E-05,296.97845,0.56977874
75.418724,5.94E-05,296.412,0.5817617
71.250755,7.14E-05,294.8232,0.48664105
75.94239,5.41E-05,293.29288,0.20427439
75.006836,5.74E-05,292.6822,0.12214675
76.007385,4.71E-05,292.75092,0.10804158
71.25481,6.73E-05,291.80212,0.1105018
75.47533,4.61E-05,292.34778,0.12524873
76.239395,4.82E-05,293.6843,0.1560749
79.75919,5.65E-05,294.64392,0.21136944
80.273964,5.67E-05,296.42734,0.3470973
78.989685,6.63E-05,296.81567,0.5096112
80.85506,5.96E-05,296.8067,0.572365
73.644714,6.84E-05,295.72147,0.6042509
76.92033,5.11E-05,294.69507,0.4971934
76.583885,3.99E-05,294.24466,0.1831075
70.384346,7.37E-05,292.4955,0.11544518
73.49073,4.59E-05,292.02972,0.112615004
78.54384,3.57E-05,293.00327,0.11692124
76.6584,4.44E-05,293.52286,0.1322602
75.51827,5.58E-05,294.01727,0.17269656
79.058075,5.63E-05,295.45612,0.2762724
76.60243,7.02E-05,296.14706,0.41799864
80.50672,6.33E-05,296.94846,0.56691486
76.74088,7.45E-05,296.44684,0.6027211
77.60087,5.83E-05,295.86307,0.6183554
75.75412,6.26E-05,294.44772,0.5471863
75.00068,4.56E-05,293.38214,0.20031205
71.36488,5.97E-05,292.1874,0.117445804
73.84861,4.56E-05,292.12015,0.111721866
72.687294,5.48E-05,291.82233,0.117622204
73.430214,3.89E-05,292.432,0.13420239
76.12105,5.11E-05,293.91522,0.16563417
75.88246,6.29E-05,295.31097,0.23385584
85.95497,4.43E-05,296.41452,0.4081033
76.3729,5.65E-05,296.84982,0.56095237
76.50773,7.47E-05,296.98935,0.61141485
78.48792,6.16E-05,295.81375,0.63141483
77.11534,4.93E-05,294.9094,0.48988524
74.51161,6.18E-05,294.06067,0.1920027
73.01136,5.66E-05,292.46753,0.12060426
70.48534,5.84E-05,291.49243,0.110981785
75.32939,4.38E-05,292.29474,0.1161143
73.18621,4.76E-05,292.57465,0.1292029
78.17664,4.72E-05,294.0101,0.16702938
81.12203,4.42E-05,295.99252,0.2566677
77.56799,7.40E-05,296.70068,0.3568983
79.219246,6.27E-05,297.22516,0.48116478
78.29826,6.92E-05,297.0317,0.5546259
77.79613,4.22E-05,296.46487,0.5911142
72.69065,6.36E-05,295.12543,0.46914145
78.2143,5.05E-05,294.1445,0.19544727
69.62301,6.70E-05,292.54767,0.116295554
74.90522,4.91E-05,291.78125,0.11531187
71.3827,4.86E-05,291.77942,0.115593754
76.50855,3.33E-05,293.10208,0.13019578
77.38018,4.56E-05,294.49133,0.16501082
76.18853,6.35E-05,295.03055,0.26281825
78.759125,6.06E-05,296.41812,0.36993065
76.379196,6.58E-05,297.0078,0.46971667
77.65445,6.22E-05,296.82712,0.56360376
77.52775,5.34E-05,295.94986,0.60140204
73.740326,5.72E-05,295.12234,0.48295185
72.77628,6.04E-05,293.82812,0.18315217
71.487854,5.62E-05,292.49823,0.113327816
71.80447,6.46E-05,291.54108,0.109372556
72.50017,4.41E-05,291.99063,0.115576275
70.74761,4.96E-05,292.35428,0.13465871
74.63234,4.46E-05,293.43207,0.16631858
73.048996,6.27E-05,294.41684,0.24233606
79.71614,5.97E-05,295.79886,0.40552908
78.62086,5.36E-05,296.59293,0.5257297
77.22647,6.02E-05,296.7793,0.5758013
77.4059,5.31E-05,295.99258,0.583017
78.25366,5.37E-05,295.21988,0.4234069
76.94353,4.98E-05,293.37283,0.15476744
72.024864,5.45E-05,292.90482,0.109757856
71.628235,5.72E-05,291.90265,0.1075888
72.79365,5.61E-05,291.4055,0.112648495
79.28632,3.37E-05,292.57285,0.12729548
81.27154,3.46E-05,294.7244,0.15789124
75.741486,6.37E-05,295.64014,0.23095073
78.45445,6.08E-05,296.09106,0.32089925
77.73223,7.70E-05,296.9427,0.42808244
79.25495,5.62E-05,296.79825,0.49764368
77.30839,5.38E-05,296.10123,0.5337373
77.322975,5.99E-05,295.27142,0.33434454
72.984985,5.97E-05,293.7869,0.13251431
72.08041,4.95E-05,292.6676,0.11017425
72.30667,6.46E-05,292.20874,0.11040623
71.44557,5.19E-05,291.75473,0.11545618
74.073975,5.00E-05,292.57797,0.13030988
76.89165,4.93E-05,293.373,0.16884702
78.933334,5.63E-05,295.3289,0.23499745
77.399124,5.53E-05,296.15393,0.39870748
79.85738,7.25E-05,297.01102,0.48330832
81.28323,6.18E-05,296.51215,0.5421778
77.934784,6.04E-05,295.83585,0.5903885
76.595665,5.52E-05,294.75815,0.4070718
72.3928,6.50E-05,293.19217,0.14240737
72.83762,6.46E-05,292.3129,0.10924717
71.01386,5.70E-05,291.7438,0.11184232
75.20344,4.29E-05,291.9226,0.119418554
74.534134,4.53E-05,292.34137,0.13545616
78.153496,4.36E-05,293.532,0.1701705
75.42729,5.15E-05,294.6021,0.2306328
77.360794,7.28E-05,295.77908,0.31679296
76.00897,6.35E-05,296.007,0.41646507
75.906685,7.28E-05,296.0891,0.4928937
78.04502,5.31E-05,295.64478,0.5387038
76.24027,5.19E-05,294.59875,0.37941584
75.819984,4.65E-05,293.34784,0.1559459
71.963005,5.39E-05,292.54578,0.11159035
71.27292,6.13E-05,291.6189,0.11015519
74.40371,4.63E-05,291.5214,0.11406617
72.46661,4.82E-05,292.2457,0.1306
76.16731,4.92E-05,293.5458,0.16863
78.01715,4.21E-05,295.53445,0.28040826
77.533165,7.36E-05,296.4862,0.43316075
77.11214,7.19E-05,296.33414,0.53925204
78.11013,6.47E-05,296.4031,0.5982313
81.30101,4.69E-05,296.19977,0.6251668
78.08406,5.63E-05,295.4797,0.38957042
75.75278,5.24E-05,294.19412,0.13965754
71.7376,5.60E-05,292.6247,0.10689215
79.25802,3.99E-05,292.7983,0.10832301
76.370865,4.44E-05,293.02344,0.11754343
76.16818,4.04E-05,293.48126,0.13300866
77.72657,4.19E-05,295.04712,0.16044338
78.37982,5.62E-05,296.3831,0.21370736
78.67965,5.53E-05,297.68277,0.3311102
77.44751,7.32E-05,298.39822,0.49101275
78.45929,7.06E-05,297.61072,0.56934935
76.92439,6.08E-05,297.0192,0.60824573
75.5526,5.89E-05,295.6355,0.52002686
72.337204,6.16E-05,294.1247,0.22318329
71.28741,6.45E-05,293.18463,0.13233943
73.4117,4.88E-05,293.02844,0.108922094
70.587944,5.93E-05,292.05698,0.11333806
73.95336,6.09E-05,292.342,0.12956332
80.125595,3.96E-05,293.9485,0.15717153
79.659706,4.90E-05,296.0369,0.2208965
79.40425,5.38E-05,297.30496,0.34371546
82.88591,5.64E-05,297.7866,0.5028813
78.33393,7.88E-05,297.2283,0.5621309
78.67184,6.60E-05,296.42188,0.57544243
77.626976,6.28E-05,295.41583,0.4560613
82.142105,4.04E-05,294.58994,0.15737407
74.86212,5.75E-05,293.89166,0.1091836
70.09625,7.58E-05,292.51767,0.11237741
72.98101,6.01E-05,292.21826,0.11874635
73.83659,4.91E-05,292.90338,0.1371979
79.62358,4.65E-05,294.07983,0.17082669
75.61869,5.91E-05,295.4524,0.2515468
79.45007,6.42E-05,296.51678,0.36632532
82.99779,6.58E-05,297.1645,0.4548631
81.455765,6.35E-05,296.70953,0.5292842
74.666145,7.59E-05,295.82175,0.57404447
73.22453,6.04E-05,294.85175,0.49454477
72.7432,5.38E-05,293.46097,0.18582712
69.21661,6.78E-05,292.2599,0.11919404
74.90457,5.66E-05,291.99933,0.11198853
77.58848,3.59E-05,292.52383,0.119889535
78.01564,3.84E-05,293.15805,0.13583748
74.58586,5.83E-05,293.8382,0.16902235
76.66047,6.13E-05,295.5537,0.23689522
79.43995,6.12E-05,296.47534,0.39559484
80.105446,7.32E-05,296.60956,0.50190115
82.985985,5.66E-05,296.9829,0.5621877
75.5249,5.62E-05,296.1582,0.60106015
76.84839,4.70E-05,295.48566,0.5305368
74.35411,5.45E-05,294.34064,0.19777657
72.15372,6.09E-05,293.0269,0.108043484
76.10938,5.11E-05,293.21152,0.107420884
74.29633,4.91E-05,292.60934,0.11486349
77.50039,4.86E-05,293.5003,0.13274175
76.69647,4.82E-05,294.4027,0.16266383
79.48938,4.84E-05,295.9247,0.2522955
76.344284,6.17E-05,297.16238,0.4096983
78.63124,7.97E-05,297.27725,0.5039996
77.20992,5.94E-05,296.86923,0.5595348
76.510414,6.21E-05,296.45102,0.5829472
72.58734,5.88E-05,294.94968,0.33665553
76.23856,5.07E-05,294.2427,0.16072153
73.831314,6.18E-05,293.44608,0.109894276
70.5197,5.54E-05,292.3554,0.103262946
75.22986,4.52E-05,292.69302,0.110923454
76.04514,3.98E-05,293.3546,0.1276997
77.2985,4.84E-05,294.3653,0.15732919
77.47876,5.82E-05,295.31784,0.24184106
77.551216,6.58E-05,296.4201,0.37479636
79.17057,6.26E-05,297.28775,0.48493683
80.91451,5.31E-05,297.4564,0.5421859
75.94133,6.83E-05,296.56018,0.5815792
75.02033,5.33E-05,295.5848,0.4364174
71.74166,7.84E-05,293.48294,0.15941805
74.29406,5.37E-05,292.74667,0.10675332
71.62388,6.00E-05,292.12268,0.10700413
73.55925,4.99E-05,292.1322,0.11471894
71.75434,5.52E-05,292.14368,0.13107702
76.56928,4.42E-05,293.8169,0.16428617
77.05517,6.78E-05,295.00964,0.22145645
79.52593,5.45E-05,296.24442,0.32112533
82.16445,6.45E-05,296.77304,0.47650433
81.603584,4.78E-05,296.86203,0.55523866
76.00284,4.87E-05,296.6259,0.59788376
77.099106,4.97E-05,295.85635,0.4818209
75.25592,5.16E-05,294.802,0.15955919
74.216286,5.44E-05,293.36038,0.107678585
73.10459,5.30E-05,292.7937,0.10835027
71.90258,5.06E-05,293.03452,0.115116
76.51694,4.86E-05,293.34454,0.13130562
79.34915,3.51E-05,295.74518,0.15918745
79.46207,6.65E-05,296.46838,0.21348715
75.456825,7.17E-05,296.9579,0.30187932
77.856834,6.80E-05,297.54312,0.3990617
80.32207,7.03E-05,297.09537,0.47211063
82.535774,5.35E-05,296.79074,0.48077738
79.403336,5.38E-05,295.6438,0.2680771
78.93507,4.43E-05,294.86285,0.11826665
72.97814,6.33E-05,293.25015,0.10236528
73.761894,5.63E-05,292.72757,0.10516139
75.014305,4.80E-05,292.4533,0.1098344
79.962425,3.45E-05,293.82404,0.12319739
79.56671,4.10E-05,295.58688,0.15018386
76.28395,6.98E-05,296.13486,0.1965148
75.20541,7.20E-05,296.57895,0.31107923
84.55746,5.31E-05,297.72406,0.39968723
74.913605,6.31E-05,297.44708,0.4670167
72.98509,6.47E-05,296.20908,0.44841415
75.39177,5.92E-05,295.49338,0.2536555
77.404236,5.10E-05,294.69632,0.11395458
72.144806,6.92E-05,292.68176,0.103924826
73.49326,4.92E-05,292.91672,0.10896077
73.73666,5.25E-05,292.78275,0.116141915
75.83511,4.74E-05,293.415,0.12807694
75.29099,4.71E-05,294.27884,0.1623436
78.35572,4.67E-05,295.8172,0.26958516
