time,hurs,mrsos,evspsbl
380.5,75.34393,--,6.43E-05
410,79.700745,--,5.24E-05
439.5,75.914665,--,5.79E-05
470,73.56428,--,5.73E-05
500.5,72.52126,--,5.60E-05
531,71.80226,--,6.53E-05
561.5,73.87392,--,4.33E-05
592.5,73.93559,--,4.40E-05
623,75.327515,--,4.40E-05
653.5,70.0606,--,5.41E-05
684,75.89823,--,3.41E-05
714.5,72.929535,--,6.00E-05
745.5,78.87198,--,5.56E-05
775,78.143524,--,7.19E-05
804.5,78.824554,--,5.31E-05
835,73.96219,--,5.79E-05
865.5,71.43764,--,5.29E-05
896,72.57876,--,4.41E-05
926.5,71.248726,--,5.36E-05
957.5,70.14589,--,5.85E-05
988,74.022415,--,4.37E-05
1018.5,74.7471,--,4.75E-05
1049,74.92692,--,4.03E-05
1079.5,74.60012,--,4.28E-05
1110.5,76.495804,--,6.23E-05
1140,79.97331,--,6.62E-05
1169.5,77.12296,--,6.26E-05
1200,80.1012,--,5.07E-05
1230.5,76.977356,--,4.72E-05
1261,74.201546,--,5.29E-05
1291.5,70.60217,--,5.58E-05
1322.5,70.85002,--,5.39E-05
1353,73.688644,--,3.64E-05
1383.5,77.46819,--,4.20E-05
1414,75.535965,--,3.67E-05
1444.5,78.96103,--,3.39E-05
1475.5,74.429,--,6.26E-05
1505,77.47438,--,6.33E-05
1534.5,76.94696,--,5.49E-05
1565,72.93075,--,6.43E-05
1595.5,73.98545,--,5.11E-05
1626,72.58704,--,5.06E-05
1656.5,72.951004,--,7.57E-05
1687.5,75.381195,--,4.29E-05
1718,74.83316,--,5.09E-05
1748.5,71.85121,--,4.80E-05
1779,75.21463,--,4.58E-05
1809.5,78.95978,--,3.96E-05
1840.5,79.40204,--,7.36E-05
1870,80.23165,--,6.28E-05
1899.5,84.166664,--,4.61E-05
1930,76.94946,--,5.50E-05
1960.5,73.01989,--,5.50E-05
1991,74.881454,--,4.84E-05
2021.5,70.43427,--,5.80E-05
2052.5,70.05303,--,5.08E-05
2083,71.31455,--,6.05E-05
2113.5,74.25685,--,3.12E-05
2144,78.49866,--,3.58E-05
2174.5,76.13884,--,5.32E-05
2205.5,76.319824,--,6.26E-05
2235,75.95426,--,7.09E-05
2264.5,76.894745,--,5.70E-05
2295,76.39314,--,4.71E-05
2325.5,83.04133,--,3.05E-05
2356,73.00596,--,6.37E-05
2386.5,68.88152,--,7.16E-05
2417.5,74.0145,--,3.91E-05
2448,75.821655,--,3.59E-05
2478.5,85.86735,--,2.17E-05
2509,77.35189,--,5.00E-05
2539.5,75.45896,--,5.17E-05
2570.5,76.84245,--,5.83E-05
2600,75.767586,--,7.24E-05
2629.5,76.401474,--,4.75E-05
2660,74.710304,--,6.20E-05
2690.5,76.56866,--,4.81E-05
2721,72.771126,--,6.46E-05
2751.5,74.098404,--,5.24E-05
2782.5,71.48553,--,5.53E-05
2813,73.156654,--,4.80E-05
2843.5,76.354866,--,4.43E-05
2874,77.11802,--,4.04E-05
2904.5,74.11019,--,5.69E-05
2935.5,78.0833,--,5.89E-05
2965,82.17957,--,5.13E-05
2994.5,75.64971,--,7.51E-05
3025,77.10359,--,4.81E-05
3055.5,71.56106,--,5.14E-05
3086,74.593994,--,4.62E-05
3116.5,72.033394,--,6.74E-05
3147.5,71.436775,--,5.50E-05
3178,69.19546,--,5.65E-05
3208.5,74.69888,--,4.32E-05
3239,72.57381,--,5.54E-05
3269.5,75.34389,--,4.91E-05
3300.5,76.72576,--,6.09E-05
3330,85.29154,--,5.00E-05
3359.5,81.31065,--,6.81E-05
3390,78.39781,--,5.22E-05
3420.5,76.64209,--,5.07E-05
3451,70.67265,--,6.17E-05
3481.5,68.93874,--,5.66E-05
3512.5,71.80262,--,5.82E-05
3543,73.594505,--,3.60E-05
3573.5,72.92351,--,4.33E-05
3604,74.63636,--,4.38E-05
3634.5,75.12307,--,5.17E-05
3665.5,77.17446,--,5.79E-05
3695,75.22815,--,6.45E-05
3724.5,74.61748,--,5.77E-05
3755,73.90821,--,5.09E-05
3785.5,73.413246,--,5.80E-05
3816,74.71025,--,4.23E-05
3846.5,71.13873,--,5.14E-05
3877.5,73.94879,--,4.80E-05
3908,71.279396,--,4.15E-05
3938.5,72.687225,--,4.81E-05
3969,83.74123,--,3.65E-05
3999.5,78.02484,--,4.36E-05
4030.5,75.0309,--,6.97E-05
4060,77.349724,--,6.92E-05
4089.5,73.63618,--,5.07E-05
4120,74.79855,--,6.18E-05
4150.5,76.4163,--,4.57E-05
4181,72.52927,--,7.03E-05
4211.5,71.443825,--,6.89E-05
4242.5,72.389824,--,5.13E-05
4273,73.066086,--,5.66E-05
4303.5,71.480774,--,4.95E-05
4334,74.54303,--,4.70E-05
4364.5,76.18842,--,4.85E-05
4395.5,78.01131,--,5.92E-05
4425,81.12602,--,5.39E-05
4454.5,77.03078,--,5.70E-05
4485,77.92494,--,6.07E-05
4515.5,72.52692,--,5.61E-05
4546,72.03973,--,6.31E-05
4576.5,73.13043,--,4.82E-05
4607.5,70.74796,--,7.09E-05
4638,69.32507,--,5.65E-05
4668.5,71.02727,--,5.01E-05
4699,73.29979,--,4.25E-05
4729.5,78.74573,--,5.09E-05
4760.5,77.48391,--,5.33E-05
4790,77.10088,--,6.63E-05
4819.5,80.16779,--,5.45E-05
4850,79.42791,--,4.27E-05
4880.5,71.25855,--,6.14E-05
4911,73.258896,--,5.50E-05
4941.5,77.59412,--,4.37E-05
4972.5,73.62007,--,5.23E-05
5003,68.142075,--,6.08E-05
5033.5,73.704475,--,5.42E-05
5064,77.05513,--,3.23E-05
5094.5,74.1007,--,5.06E-05
5125.5,75.274414,--,4.36E-05
5155,76.538315,--,5.94E-05
5184.5,79.87439,--,5.79E-05
5215,76.135,--,5.39E-05
5245.5,71.71181,--,6.11E-05
5276,78.42315,--,4.29E-05
5306.5,75.76027,--,5.80E-05
5337.5,71.28051,--,5.99E-05
5368,75.03554,--,3.95E-05
5398.5,75.03229,--,4.24E-05
5429,73.22471,--,4.48E-05
5459.5,78.33213,--,5.43E-05
5490.5,78.297966,--,6.55E-05
5520,79.75655,--,5.81E-05
5549.5,81.48022,--,5.51E-05
5580,79.96795,--,4.56E-05
5610.5,78.28076,--,5.13E-05
5641,71.95731,--,5.34E-05
5671.5,70.512,--,6.96E-05
5702.5,70.810745,--,5.33E-05
5733,74.116005,--,5.78E-05
5763.5,75.9766,--,4.59E-05
5794,77.97028,--,3.06E-05
5824.5,76.394966,--,4.25E-05
5855.5,76.043846,--,7.08E-05
5885,79.59024,--,5.81E-05
5914.5,80.06047,--,5.34E-05
5945,74.52607,--,4.52E-05
5975.5,70.94781,--,6.79E-05
6006,75.327354,--,5.36E-05
6036.5,77.85938,--,3.92E-05
6067.5,73.96635,--,5.28E-05
6098,72.65765,--,4.74E-05
6128.5,73.465614,--,4.34E-05
6159,77.204445,--,4.21E-05
6189.5,77.81053,--,4.20E-05
6220.5,75.76103,--,5.40E-05
6250,77.972626,--,5.62E-05
6279.5,78.31629,--,5.08E-05
6310,79.255486,--,5.25E-05
6340.5,77.66379,--,3.86E-05
6371,71.83295,--,5.88E-05
6401.5,70.14952,--,6.81E-05
6432.5,71.37197,--,5.32E-05
6463,71.56909,--,5.45E-05
6493.5,71.20964,--,4.62E-05
6524,73.14229,--,4.11E-05
6554.5,77.80553,--,4.79E-05
6585.5,82.42328,--,5.36E-05
6615,77.48235,--,7.06E-05
6644.5,82.94457,--,5.02E-05
6675,79.05665,--,5.85E-05
6705.5,75.47441,--,4.92E-05
6736,71.08895,--,5.77E-05
6766.5,74.966774,--,4.25E-05
6797.5,70.26394,--,4.63E-05
6828,74.386314,--,5.15E-05
6858.5,74.81314,--,4.61E-05
6889,75.43866,--,4.73E-05
6919.5,74.80699,--,6.01E-05
6950.5,83.18357,--,5.21E-05
6980,81.70312,--,6.73E-05
7009.5,80.68373,--,6.54E-05
7040,75.29931,--,5.79E-05
7070.5,77.77259,--,4.93E-05
7101,75.925316,--,7.16E-05
7131.5,70.14193,--,4.95E-05
7162.5,75.907455,--,4.23E-05
7193,75.31458,--,4.07E-05
7223.5,72.77146,--,4.43E-05
7254,74.86727,--,5.25E-05
7284.5,72.964935,--,5.60E-05
7315.5,73.478195,--,6.45E-05
7345,76.64871,--,7.13E-05
7374.5,75.47534,--,7.46E-05
7405,76.556564,--,5.43E-05
7435.5,74.82288,--,4.97E-05
7466,73.194916,--,5.84E-05
7496.5,73.489586,--,5.23E-05
7527.5,69.715675,--,6.87E-05
7558,69.978294,--,5.52E-05
7588.5,72.167816,--,3.95E-05
7619,79.251076,--,3.42E-05
7649.5,75.89547,--,5.34E-05
7680.5,77.61565,--,6.98E-05
7710,84.47331,--,4.74E-05
7739.5,79.594284,--,6.97E-05
7770,75.72112,--,5.57E-05
7800.5,71.291794,--,6.88E-05
7831,70.98948,--,5.22E-05
7861.5,72.399506,--,7.10E-05
7892.5,71.06104,--,6.20E-05
7923,74.04398,--,5.38E-05
7953.5,72.47578,--,4.08E-05
7984,73.10729,--,5.22E-05
8014.5,76.22679,--,4.63E-05
8045.5,73.37712,--,5.91E-05
8075,75.89022,--,7.86E-05
8104.5,80.36552,--,4.96E-05
8135,76.59277,--,5.18E-05
8165.5,74.440956,--,5.76E-05
8196,72.517265,--,5.84E-05
8226.5,72.3582,--,5.70E-05
8257.5,71.5407,--,5.57E-05
8288,70.23936,--,5.46E-05
8318.5,76.26792,--,3.84E-05
8349,80.52216,--,2.59E-05
8379.5,75.26736,--,4.56E-05
8410.5,78.27751,--,5.48E-05
8440,78.55097,--,5.58E-05
8469.5,76.68028,--,5.31E-05
8500,78.35063,--,4.93E-05
8530.5,74.736786,--,6.82E-05
8561,75.30398,--,4.84E-05
8591.5,71.8594,--,5.26E-05
8622.5,73.660324,--,4.88E-05
8653,73.918175,--,4.58E-05
8683.5,75.00376,--,3.35E-05
8714,79.063545,--,3.70E-05
8744.5,76.57211,--,6.10E-05
8775.5,77.73184,--,4.78E-05
8805,73.767624,--,6.07E-05
8834.5,77.96564,--,6.32E-05
8865,79.47135,--,5.74E-05
8895.5,72.48387,--,4.82E-05
8926,72.36474,--,5.76E-05
8956.5,73.96082,--,5.31E-05
8987.5,69.85465,--,6.24E-05
9018,71.70296,--,3.69E-05
9048.5,74.86839,--,4.40E-05
9079,72.95179,--,4.97E-05
9109.5,75.04438,--,5.49E-05
9140.5,78.70212,--,6.19E-05
9170,84.314926,--,4.89E-05
9199.5,77.464645,--,7.34E-05
9230,77.31172,--,4.69E-05
9260.5,75.21202,--,4.16E-05
9291,70.63141,--,6.12E-05
9321.5,69.16906,--,6.85E-05
9352.5,74.639275,--,4.73E-05
9383,78.5162,--,3.72E-05
9413.5,82.383934,--,3.41E-05
9444,80.64481,--,3.60E-05
9474.5,77.78736,--,4.02E-05
9505.5,76.39846,--,5.47E-05
9535,76.56277,--,4.94E-05
9564.5,73.71935,--,6.00E-05
9595,75.4862,--,5.73E-05
9625.5,75.23274,--,6.45E-05
9656,73.17111,--,5.74E-05
9686.5,76.01423,--,4.18E-05
9717.5,74.4484,--,4.62E-05
9748,76.62841,--,4.02E-05
9778.5,73.28543,--,3.94E-05
9809,73.57036,--,4.76E-05
9839.5,76.23576,--,5.13E-05
9870.5,80.50859,--,5.92E-05
9900,83.91831,--,5.17E-05
9929.5,79.78465,--,6.59E-05
9960,77.20862,--,6.68E-05
9990.5,76.77986,--,4.43E-05
10021,72.66916,--,4.60E-05
10051.5,72.67858,--,6.31E-05
10082.5,72.04029,--,5.23E-05
10113,68.83791,--,4.87E-05
10143.5,75.59303,--,3.66E-05
10174,72.46009,--,4.96E-05
10204.5,78.12967,--,5.77E-05
10235.5,79.15423,--,6.60E-05
10265,78.51206,--,6.40E-05
10294.5,77.196075,--,5.79E-05
10325,73.95976,--,5.50E-05
10355.5,72.29997,--,5.08E-05
10386,75.03278,--,6.01E-05
10416.5,69.4154,--,5.82E-05
10447.5,70.5849,--,4.53E-05
10478,72.17087,--,5.06E-05
10508.5,75.499,--,4.38E-05
10539,78.54239,--,4.22E-05
10569.5,76.0827,--,5.61E-05
10600.5,76.069115,--,6.23E-05
10630,77.145615,--,5.95E-05
10659.5,80.60033,--,5.45E-05
10690,71.898994,--,5.59E-05
10720.5,75.98772,--,4.69E-05
10751,76.975266,--,5.97E-05
10781.5,70.171394,--,6.16E-05
10812.5,71.90632,--,5.35E-05
10843,75.516266,--,4.74E-05
10873.5,75.85325,--,3.73E-05
10904,76.486496,--,4.67E-05
10934.5,75.34376,--,5.70E-05
10965.5,79.91565,--,5.63E-05
10995,77.84395,--,6.46E-05
11024.5,78.790375,--,4.70E-05
11055,77.08337,--,5.71E-05
11085.5,70.00115,--,6.05E-05
11116,75.03166,--,4.84E-05
11146.5,71.31232,--,6.48E-05
11177.5,70.08205,--,6.07E-05
11208,71.11591,--,5.01E-05
11238.5,74.113075,--,4.12E-05
11269,76.62876,--,4.00E-05
11299.5,78.416595,--,5.17E-05
11330.5,78.306404,--,6.65E-05
11360,81.02625,--,6.25E-05
11389.5,81.864296,--,4.74E-05
11420,79.21025,--,4.54E-05
11450.5,75.1851,--,6.34E-05
11481,70.94075,--,6.71E-05
11511.5,71.623344,--,6.62E-05
11542.5,70.53715,--,6.31E-05
11573,72.71923,--,4.59E-05
11603.5,73.22888,--,4.63E-05
11634,76.425545,--,3.84E-05
11664.5,78.88456,--,4.92E-05
11695.5,81.74691,--,4.88E-05
11725,83.81752,--,4.81E-05
11754.5,79.27482,--,6.00E-05
11785,74.25119,--,5.62E-05
11815.5,75.69069,--,4.50E-05
11846,77.12584,--,6.07E-05
11876.5,71.77446,--,5.09E-05
11907.5,71.07929,--,6.26E-05
11938,72.1274,--,5.04E-05
11968.5,75.2041,--,4.04E-05
11999,79.723656,--,4.17E-05
12029.5,71.88401,--,5.50E-05
12060.5,75.704254,--,5.94E-05
12090,80.08177,--,4.92E-05
12119.5,81.6279,--,5.39E-05
12150,75.5201,--,5.57E-05
12180.5,74.45458,--,5.71E-05
12211,74.50144,--,4.78E-05
12241.5,74.55389,--,4.67E-05
12272.5,68.05364,--,6.59E-05
12303,75.26696,--,5.60E-05
12333.5,74.19455,--,4.60E-05
12364,77.07723,--,2.89E-05
12394.5,78.50046,--,4.94E-05
12425.5,76.72801,--,6.21E-05
12455,76.26869,--,6.76E-05
12484.5,75.32627,--,5.28E-05
12515,74.99821,--,5.72E-05
12545.5,72.70974,--,5.86E-05
12576,75.09061,--,4.32E-05
12606.5,72.968346,--,6.11E-05
12637.5,71.658455,--,6.68E-05
12668,68.613815,--,5.05E-05
12698.5,77.990585,--,3.07E-05
12729,79.63344,--,4.49E-05
12759.5,75.02538,--,5.23E-05
12790.5,78.50619,--,5.71E-05
12820,78.849625,--,5.45E-05
12849.5,76.362785,--,5.42E-05
12880,77.83883,--,4.94E-05
12910.5,75.68736,--,5.04E-05
12941,74.08887,--,5.92E-05
12971.5,70.401794,--,5.90E-05
13002.5,72.417496,--,5.68E-05
13033,77.1434,--,3.74E-05
13063.5,76.48348,--,3.50E-05
13094,79.17188,--,3.08E-05
13124.5,78.239624,--,5.35E-05
13155.5,75.91878,--,6.72E-05
13185,82.66169,--,4.69E-05
13214.5,77.38284,--,6.13E-05
13245,75.564674,--,4.97E-05
13275.5,78.09142,--,4.23E-05
13306,76.980034,--,4.75E-05
13336.5,74.08723,--,4.79E-05
13367.5,72.44709,--,5.88E-05
13398,75.95156,--,3.89E-05
13428.5,75.955635,--,4.31E-05
13459,76.211006,--,4.12E-05
13489.5,79.51758,--,4.45E-05
13520.5,73.59691,--,6.56E-05
13550,78.26103,--,6.75E-05
13579.5,83.220695,--,4.98E-05
13610,76.33637,--,5.91E-05
13640.5,72.77695,--,5.19E-05
13671,68.4461,--,7.24E-05
13701.5,70.776855,--,5.36E-05
13732.5,71.358955,--,6.61E-05
13763,69.5991,--,5.90E-05
13793.5,74.67651,--,4.42E-05
13824,74.90021,--,4.25E-05
13854.5,78.32145,--,4.45E-05
13885.5,80.75115,--,5.60E-05
13915,79.16843,--,7.75E-05
13944.5,81.610825,--,5.18E-05
13975,77.792595,--,4.98E-05
14005.5,77.58203,--,4.78E-05
14036,73.54496,--,5.99E-05
14066.5,74.03892,--,5.25E-05
14097.5,70.14391,--,4.93E-05
14128,71.71088,--,5.19E-05
14158.5,71.512726,--,3.92E-05
14189,75.44176,--,4.01E-05
14219.5,80.40298,--,4.12E-05
14250.5,78.62737,--,4.68E-05
14280,78.12104,--,7.21E-05
14309.5,77.36878,--,6.74E-05
14340,78.404976,--,4.55E-05
14370.5,77.00623,--,5.43E-05
14401,71.600044,--,5.89E-05
14431.5,70.61253,--,6.26E-05
14462.5,70.95363,--,6.11E-05
14493,72.59472,--,4.69E-05
14523.5,77.27059,--,4.36E-05
14554,80.21195,--,3.56E-05
14584.5,77.834465,--,5.23E-05
14615.5,75.34385,--,5.77E-05
14645,75.418495,--,5.39E-05
14674.5,78.10304,--,4.56E-05
14705,75.27648,--,6.30E-05
14735.5,73.49289,--,4.98E-05
14766,76.477295,--,4.66E-05
14796.5,68.743385,--,7.34E-05
14827.5,71.575386,--,6.14E-05
14858,76.29847,--,3.60E-05
14888.5,76.33475,--,4.73E-05
14919,78.92763,--,3.93E-05
14949.5,79.479935,--,3.83E-05
14980.5,76.75822,--,6.99E-05
15010,78.92179,--,6.37E-05
15039.5,80.20033,--,4.93E-05
15070,79.57053,--,5.90E-05
15100.5,72.84063,--,7.15E-05
15131,74.26063,--,6.54E-05
15161.5,73.06109,--,6.13E-05
15192.5,71.44761,--,5.06E-05
15223,78.98354,--,3.53E-05
15253.5,74.6858,--,4.22E-05
15284,77.823135,--,4.07E-05
15314.5,76.46598,--,6.02E-05
15345.5,80.00808,--,5.86E-05
15375,80.61754,--,5.27E-05
15404.5,78.3024,--,6.84E-05
15435,77.404884,--,6.01E-05
15465.5,73.812035,--,5.68E-05
15496,72.664314,--,5.20E-05
15526.5,74.00898,--,5.72E-05
15557.5,72.970566,--,4.93E-05
15588,78.15202,--,3.44E-05
15618.5,70.78503,--,6.16E-05
15649,75.81564,--,5.02E-05
15679.5,78.82981,--,4.84E-05
15710.5,77.051926,--,7.04E-05
15740,81.69927,--,7.39E-05
15769.5,82.033066,--,6.36E-05
15800,77.87347,--,6.31E-05
15830.5,75.52006,--,4.46E-05
15861,74.70957,--,6.72E-05
15891.5,72.67502,--,5.83E-05
15922.5,72.19851,--,5.09E-05
15953,70.90499,--,4.98E-05
15983.5,74.11833,--,4.12E-05
16014,73.01134,--,5.29E-05
16044.5,77.64226,--,5.25E-05
16075.5,76.99435,--,6.36E-05
16105,74.2189,--,7.56E-05
16134.5,74.98137,--,6.23E-05
16165,77.58831,--,5.67E-05
16195.5,78.143776,--,5.41E-05
16226,71.3815,--,7.27E-05
16256.5,70.77669,--,6.62E-05
16287.5,71.03661,--,6.19E-05
16318,73.64517,--,5.19E-05
16348.5,75.925186,--,3.81E-05
16379,77.70104,--,3.97E-05
16409.5,76.38155,--,6.01E-05
16440.5,77.032036,--,5.40E-05
16470,75.42095,--,7.35E-05
16499.5,80.13952,--,6.46E-05
16530,74.86382,--,6.65E-05
16560.5,74.835625,--,5.64E-05
16591,72.95472,--,5.44E-05
16621.5,74.527725,--,5.61E-05
16652.5,71.42538,--,5.79E-05
16683,72.02693,--,5.07E-05
16713.5,71.983635,--,4.37E-05
16744,76.80948,--,4.69E-05
16774.5,77.89083,--,5.38E-05
16805.5,81.14244,--,6.75E-05
16835,81.22079,--,6.23E-05
16864.5,81.531235,--,7.05E-05
16895,75.5408,--,6.19E-05
16925.5,72.58627,--,6.42E-05
16956,73.90696,--,5.49E-05
16986.5,71.21122,--,7.67E-05
17017.5,72.28814,--,5.96E-05
17048,71.45711,--,5.10E-05
17078.5,74.888824,--,5.34E-05
17109,82.53158,--,3.27E-05
17139.5,80.259056,--,4.59E-05
17170.5,78.735466,--,5.46E-05
17200,79.31816,--,7.72E-05
17229.5,77.70224,--,7.04E-05
17260,76.360565,--,5.60E-05
17290.5,76.17321,--,5.47E-05
17321,71.47452,--,7.15E-05
17351.5,74.45207,--,5.79E-05
17382.5,71.81768,--,5.47E-05
17413,73.79719,--,4.09E-05
17443.5,73.16915,--,4.49E-05
17474,75.02406,--,4.75E-05
17504.5,77.33962,--,5.90E-05
17535.5,77.93239,--,5.63E-05
17565,75.82531,--,7.79E-05
17594.5,77.53326,--,6.68E-05
17625,79.95496,--,4.97E-05
17655.5,76.52439,--,4.55E-05
17686,70.9142,--,7.06E-05
17716.5,71.41814,--,6.95E-05
17747.5,70.10696,--,5.63E-05
17778,73.319534,--,4.55E-05
17808.5,73.168335,--,4.36E-05
17839,79.9668,--,3.68E-05
17869.5,74.46079,--,5.30E-05
17900.5,72.52031,--,6.56E-05
17930,75.32975,--,8.33E-05
17959.5,75.33694,--,8.10E-05
17990,77.03475,--,5.62E-05
18020.5,74.92165,--,5.83E-05
18051,74.59868,--,4.54E-05
18081.5,71.57081,--,5.14E-05
18112.5,74.44557,--,4.86E-05
18143,72.91936,--,4.60E-05
18173.5,70.98409,--,3.75E-05
18204,74.75301,--,5.17E-05
18234.5,73.95228,--,6.44E-05
18265.5,75.805824,--,6.57E-05
18295,78.65723,--,6.55E-05
18324.5,83.30892,--,4.87E-05
18355,77.319435,--,5.45E-05
18385.5,71.64436,--,7.48E-05
18416,73.19034,--,6.59E-05
18446.5,71.161316,--,7.77E-05
18477.5,70.99212,--,5.34E-05
18508,73.972115,--,4.10E-05
18538.5,81.702194,--,3.62E-05
18569,78.243454,--,3.91E-05
18599.5,76.26164,--,5.01E-05
18630.5,75.88447,--,6.89E-05
18660,79.646965,--,6.44E-05
18689.5,81.34553,--,5.53E-05
18720,76.82048,--,5.81E-05
18750.5,76.88482,--,5.59E-05
18781,76.63543,--,4.80E-05
18811.5,73.60079,--,7.06E-05
18842.5,74.65416,--,6.28E-05
18873,71.297295,--,4.95E-05
18903.5,72.95383,--,4.35E-05
18934,76.39665,--,4.27E-05
18964.5,76.36627,--,5.31E-05
18995.5,80.98335,--,6.50E-05
19025,80.14303,--,6.32E-05
19054.5,75.83711,--,5.64E-05
19085,77.221016,--,5.25E-05
19115.5,76.42846,--,5.34E-05
19146,76.2497,--,5.08E-05
19176.5,71.57059,--,4.83E-05
19207.5,74.52238,--,4.84E-05
19238,71.27007,--,5.46E-05
19268.5,76.86198,--,3.99E-05
19299,75.52097,--,4.92E-05
19329.5,81.105,--,4.17E-05
19360.5,74.44419,--,5.63E-05
19390,76.12114,--,4.93E-05
19419.5,75.45037,--,5.10E-05
19450,77.94637,--,6.49E-05
19480.5,70.517975,--,6.55E-05
19511,71.15528,--,6.40E-05
19541.5,73.61449,--,6.21E-05
19572.5,68.005424,--,5.45E-05
19603,70.438065,--,4.91E-05
19633.5,71.81371,--,4.76E-05
19664,75.934456,--,4.65E-05
19694.5,78.10558,--,4.95E-05
19725.5,78.63529,--,5.95E-05
19755,80.38713,--,6.34E-05
19784.5,79.35558,--,5.49E-05
19815,76.28766,--,5.59E-05
19845.5,75.24293,--,5.43E-05
19876,71.80374,--,6.16E-05
19906.5,71.873436,--,7.41E-05
19937.5,75.6963,--,4.63E-05
19968,72.82816,--,5.05E-05
19998.5,71.611885,--,5.08E-05
20029,75.37748,--,4.24E-05
20059.5,77.04512,--,5.55E-05
20090.5,80.2469,--,6.13E-05
20120,79.5904,--,7.08E-05
20149.5,78.83679,--,6.40E-05
20180,77.98728,--,5.19E-05
20210.5,73.24256,--,5.32E-05
20241,78.92511,--,4.81E-05
20271.5,70.10271,--,6.45E-05
20302.5,69.348495,--,5.81E-05
20333,72.92857,--,4.96E-05
20363.5,75.7086,--,4.28E-05
20394,74.14133,--,4.34E-05
20424.5,78.249054,--,5.68E-05
20455.5,75.654816,--,6.02E-05
20485,78.9496,--,6.34E-05
20514.5,77.76468,--,5.65E-05
20545,74.78502,--,6.11E-05
20575.5,76.70388,--,5.12E-05
20606,73.77382,--,6.25E-05
20636.5,72.422134,--,5.23E-05
20667.5,75.95089,--,4.12E-05
20698,73.768265,--,3.95E-05
20728.5,76.20086,--,4.12E-05
20759,73.54621,--,5.13E-05
20789.5,77.4821,--,5.19E-05
20820.5,77.08228,--,6.10E-05
20850,78.00579,--,8.00E-05
20879.5,80.55016,--,5.93E-05
20910,77.6675,--,5.08E-05
20940.5,74.68129,--,5.75E-05
20971,73.594574,--,4.77E-05
21001.5,71.12757,--,5.93E-05
21032.5,68.176575,--,5.91E-05
21063,73.37392,--,5.00E-05
21093.5,76.183105,--,4.27E-05
21124,75.38782,--,4.71E-05
21154.5,79.11289,--,4.36E-05
21185.5,75.928055,--,6.91E-05
21215,87.1017,--,4.32E-05
21244.5,76.81616,--,7.33E-05
21275,78.519745,--,6.35E-05
21305.5,70.37036,--,5.16E-05
21336,72.523994,--,5.89E-05
21366.5,70.92338,--,6.15E-05
21397.5,75.57439,--,5.42E-05
21428,72.47734,--,5.69E-05
21458.5,71.495895,--,4.89E-05
21489,76.92735,--,3.65E-05
21519.5,77.27458,--,5.55E-05
21550.5,78.85627,--,6.96E-05
21580,78.14818,--,7.64E-05
21609.5,80.54882,--,6.11E-05
21640,80.054,--,4.34E-05
21670.5,75.35006,--,4.97E-05
21701,77.16503,--,4.96E-05
21731.5,72.53374,--,6.89E-05
21762.5,71.94805,--,7.06E-05
21793,73.194305,--,5.88E-05
21823.5,76.18228,--,3.89E-05
21854,75.665054,--,5.12E-05
21884.5,79.84314,--,4.49E-05
21915.5,79.40791,--,5.21E-05
21945,77.363335,--,5.09E-05
21974.5,79.14309,--,6.46E-05
22005,78.02984,--,4.99E-05
22035.5,74.91322,--,4.81E-05
22066,70.182526,--,6.13E-05
22096.5,72.56768,--,5.59E-05
22127.5,75.84136,--,4.23E-05
22158,72.034096,--,4.50E-05
22188.5,75.34936,--,3.57E-05
22219,75.53003,--,4.74E-05
22249.5,81.895035,--,3.82E-05
22280.5,78.12598,--,6.06E-05
22310,76.60195,--,6.42E-05
22339.5,76.571365,--,6.89E-05
22370,75.28279,--,5.01E-05
22400.5,72.84514,--,5.96E-05
22431,76.09446,--,4.67E-05
22461.5,76.62367,--,4.82E-05
22492.5,71.41424,--,5.21E-05
22523,73.12057,--,4.97E-05
22553.5,71.0463,--,4.95E-05
22584,75.91591,--,4.69E-05
22614.5,77.321724,--,5.76E-05
22645.5,74.1094,--,7.15E-05
22675,78.5339,--,5.03E-05
22704.5,74.88526,--,6.73E-05
22735,75.22205,--,5.63E-05
22765.5,75.84603,--,5.74E-05
22796,75.72181,--,5.58E-05
22826.5,72.80122,--,5.51E-05
22857.5,74.268974,--,4.48E-05
22888,73.24716,--,4.92E-05
22918.5,72.03916,--,5.22E-05
22949,80.77417,--,3.07E-05
22979.5,74.610535,--,6.74E-05
23010.5,82.08853,--,5.30E-05
23040,83.180214,--,6.28E-05
23069.5,80.62404,--,6.16E-05
23100,79.51321,--,5.62E-05
23130.5,76.14157,--,5.41E-05
23161,72.33171,--,5.80E-05
23191.5,70.5825,--,5.98E-05
23222.5,70.60175,--,5.93E-05
23253,70.63886,--,6.37E-05
23283.5,77.801796,--,4.82E-05
23314,74.35679,--,4.43E-05
23344.5,80.38761,--,4.81E-05
23375.5,80.83658,--,5.00E-05
23405,80.10794,--,5.98E-05
23434.5,85.14947,--,4.60E-05
23465,86.78726,--,3.75E-05
23495.5,73.8511,--,6.16E-05
23526,74.35394,--,6.37E-05
23556.5,72.34003,--,4.51E-05
23587.5,71.04452,--,7.26E-05
23618,75.17516,--,4.13E-05
23648.5,71.92532,--,5.40E-05
23679,72.994064,--,5.04E-05
23709.5,80.39024,--,4.53E-05
23740.5,77.667656,--,7.19E-05
23770,77.00849,--,6.69E-05
23799.5,80.07309,--,5.87E-05
23830,77.67832,--,7.48E-05
23860.5,77.90677,--,5.59E-05
23891,76.54974,--,4.74E-05
23921.5,74.57159,--,5.28E-05
23952.5,72.22333,--,6.32E-05
23983,75.14833,--,4.86E-05
24013.5,77.135544,--,3.45E-05
24044,75.13739,--,4.96E-05
24074.5,76.47371,--,3.99E-05
24105.5,75.83341,--,7.29E-05
24135,79.14447,--,5.86E-05
24164.5,77.92168,--,6.62E-05
24195,77.20037,--,5.69E-05
24225.5,76.244736,--,5.38E-05
24256,74.44211,--,5.51E-05
24286.5,70.62291,--,6.10E-05
24317.5,73.59087,--,5.87E-05
24348,72.92834,--,5.49E-05
24378.5,73.15247,--,5.07E-05
24409,80.53195,--,4.70E-05
24439.5,74.95518,--,4.80E-05
24470.5,75.95338,--,6.64E-05
24500,81.44443,--,6.83E-05
24529.5,80.50162,--,5.97E-05
24560,76.463066,--,5.45E-05
24590.5,75.36037,--,5.70E-05
24621,78.863754,--,4.96E-05
24651.5,73.86897,--,5.63E-05
24682.5,72.12044,--,5.76E-05
24713,70.36922,--,5.39E-05
24743.5,74.52397,--,4.11E-05
24774,76.816605,--,4.09E-05
24804.5,76.53092,--,4.94E-05
24835.5,75.263145,--,6.94E-05
24865,76.517006,--,7.57E-05
24894.5,79.16375,--,4.65E-05
24925,72.87329,--,7.48E-05
24955.5,74.97378,--,5.60E-05
24986,76.69613,--,4.65E-05
25016.5,71.56009,--,6.51E-05
25047.5,70.77717,--,5.38E-05
25078,72.07525,--,4.86E-05
25108.5,70.64668,--,4.70E-05
25139,78.69709,--,4.35E-05
25169.5,75.120605,--,5.22E-05
25200.5,80.779305,--,4.64E-05
25230,81.54511,--,6.38E-05
25259.5,81.5754,--,5.26E-05
25290,80.946304,--,4.53E-05
25320.5,77.89032,--,4.73E-05
25351,72.48025,--,6.00E-05
25381.5,70.77097,--,6.70E-05
25412.5,69.480354,--,6.28E-05
25443,77.02823,--,3.58E-05
25473.5,76.64937,--,4.52E-05
25504,74.70165,--,4.56E-05
25534.5,79.33479,--,4.38E-05
25565.5,77.31103,--,6.50E-05
25595,77.60996,--,6.61E-05
25624.5,76.07313,--,7.05E-05
25655,77.15454,--,6.81E-05
25685.5,73.10031,--,4.84E-05
25716,72.03705,--,5.45E-05
25746.5,71.326,--,5.67E-05
25777.5,69.56345,--,5.48E-05
25808,74.325874,--,4.51E-05
25838.5,75.71754,--,3.70E-05
25869,80.14822,--,3.75E-05
25899.5,77.58828,--,5.91E-05
25930.5,77.37041,--,6.56E-05
25960,83.96982,--,5.26E-05
25989.5,83.5408,--,5.93E-05
26020,74.26693,--,6.64E-05
26050.5,73.79532,--,6.42E-05
26081,71.857666,--,6.34E-05
26111.5,68.36051,--,7.33E-05
26142.5,70.77627,--,6.80E-05
26173,77.263145,--,4.45E-05
26203.5,73.3613,--,4.57E-05
26234,76.16327,--,4.22E-05
26264.5,78.2824,--,5.06E-05
26295.5,79.44832,--,6.85E-05
26325,78.467926,--,6.78E-05
26354.5,79.619576,--,5.19E-05
26385,76.17547,--,6.07E-05
26415.5,72.283905,--,5.55E-05
26446,71.06987,--,5.60E-05
26476.5,75.86337,--,5.35E-05
26507.5,72.09202,--,4.88E-05
26538,73.21752,--,5.08E-05
26568.5,72.057846,--,4.64E-05
26599,80.59228,--,3.12E-05
26629.5,78.87713,--,4.87E-05
26660.5,77.87717,--,6.04E-05
26690,79.15145,--,4.96E-05
26719.5,78.65683,--,5.28E-05
26750,76.796616,--,4.81E-05
26780.5,75.90622,--,5.58E-05
26811,76.89064,--,5.89E-05
26841.5,71.8915,--,6.23E-05
26872.5,69.27744,--,5.91E-05
26903,72.233246,--,5.78E-05
26933.5,79.134705,--,4.42E-05
26964,76.80407,--,4.59E-05
26994.5,80.951355,--,3.61E-05
27025.5,77.80886,--,7.81E-05
27055,81.709526,--,6.32E-05
27084.5,81.63851,--,7.46E-05
27115,80.61934,--,6.18E-05
27145.5,75.670166,--,5.45E-05
27176,74.6284,--,6.16E-05
27206.5,74.56985,--,5.37E-05
27237.5,69.26143,--,6.54E-05
27268,70.64672,--,5.28E-05
27298.5,70.88823,--,6.26E-05
27329,75.01744,--,4.18E-05
27359.5,74.50722,--,5.05E-05
27390.5,77.65675,--,7.23E-05
27420,79.348274,--,7.30E-05
27449.5,81.112015,--,5.51E-05
27480,75.14284,--,5.21E-05
27510.5,73.36857,--,5.42E-05
27541,74.1427,--,5.83E-05
27571.5,78.4209,--,5.30E-05
27602.5,74.36316,--,5.89E-05
27633,69.49796,--,5.64E-05
27663.5,74.98641,--,4.61E-05
27694,78.57443,--,4.13E-05
27724.5,75.92315,--,5.97E-05
27755.5,79.4049,--,6.08E-05
27785,82.3504,--,5.45E-05
27814.5,78.618095,--,5.14E-05
27845,75.418724,--,5.94E-05
27875.5,71.250755,--,7.14E-05
27906,75.94239,--,5.41E-05
27936.5,75.006836,--,5.74E-05
27967.5,76.007385,--,4.71E-05
27998,71.25481,--,6.73E-05
28028.5,75.47533,--,4.61E-05
28059,76.239395,--,4.82E-05
28089.5,79.75919,--,5.65E-05
28120.5,80.273964,--,5.67E-05
28150,78.989685,--,6.63E-05
28179.5,80.85506,--,5.96E-05
28210,73.644714,--,6.84E-05
28240.5,76.92033,--,5.11E-05
28271,76.583885,--,3.99E-05
28301.5,70.384346,--,7.37E-05
28332.5,73.49073,--,4.59E-05
28363,78.54384,--,3.57E-05
28393.5,76.6584,--,4.44E-05
28424,75.51827,--,5.58E-05
28454.5,79.058075,--,5.63E-05
28485.5,76.60243,--,7.02E-05
28515,80.50672,--,6.33E-05
28544.5,76.74088,--,7.45E-05
28575,77.60087,--,5.83E-05
28605.5,75.75412,--,6.26E-05
28636,75.00068,--,4.56E-05
28666.5,71.36488,--,5.97E-05
28697.5,73.84861,--,4.56E-05
28728,72.687294,--,5.48E-05
28758.5,73.430214,--,3.89E-05
28789,76.12105,--,5.11E-05
28819.5,75.88246,--,6.29E-05
28850.5,85.95497,--,4.43E-05
28880,76.3729,--,5.65E-05
28909.5,76.50773,--,7.47E-05
28940,78.48792,--,6.16E-05
28970.5,77.11534,--,4.93E-05
29001,74.51161,--,6.18E-05
29031.5,73.01136,--,5.66E-05
29062.5,70.48534,--,5.84E-05
29093,75.32939,--,4.38E-05
29123.5,73.18621,--,4.76E-05
29154,78.17664,--,4.72E-05
29184.5,81.12203,--,4.42E-05
29215.5,77.56799,--,7.40E-05
29245,79.219246,--,6.27E-05
29274.5,78.29826,--,6.92E-05
29305,77.79613,--,4.22E-05
29335.5,72.69065,--,6.36E-05
29366,78.2143,--,5.05E-05
29396.5,69.62301,--,6.70E-05
29427.5,74.90522,--,4.91E-05
29458,71.3827,--,4.86E-05
29488.5,76.50855,--,3.33E-05
29519,77.38018,--,4.56E-05
29549.5,76.18853,--,6.35E-05
29580.5,78.759125,--,6.06E-05
29610,76.379196,--,6.58E-05
29639.5,77.65445,--,6.22E-05
29670,77.52775,--,5.34E-05
29700.5,73.740326,--,5.72E-05
29731,72.77628,--,6.04E-05
29761.5,71.487854,--,5.62E-05
29792.5,71.80447,--,6.46E-05
29823,72.50017,--,4.41E-05
29853.5,70.74761,--,4.96E-05
29884,74.63234,--,4.46E-05
29914.5,73.048996,--,6.27E-05
29945.5,79.71614,--,5.97E-05
29975,78.62086,--,5.36E-05
30004.5,77.22647,--,6.02E-05
30035,77.4059,--,5.31E-05
30065.5,78.25366,--,5.37E-05
30096,76.94353,--,4.98E-05
30126.5,72.024864,--,5.45E-05
30157.5,71.628235,--,5.72E-05
30188,72.79365,--,5.61E-05
30218.5,79.28632,--,3.37E-05
30249,81.27154,--,3.46E-05
30279.5,75.741486,--,6.37E-05
30310.5,78.45445,--,6.08E-05
30340,77.73223,--,7.70E-05
30369.5,79.25495,--,5.62E-05
30400,77.30839,--,5.38E-05
30430.5,77.322975,--,5.99E-05
30461,72.984985,--,5.97E-05
30491.5,72.08041,--,4.95E-05
30522.5,72.30667,--,6.46E-05
30553,71.44557,--,5.19E-05
30583.5,74.073975,--,5.00E-05
30614,76.89165,--,4.93E-05
30644.5,78.933334,--,5.63E-05
30675.5,77.399124,--,5.53E-05
30705,79.85738,--,7.25E-05
30734.5,81.28323,--,6.18E-05
30765,77.934784,--,6.04E-05
30795.5,76.595665,--,5.52E-05
30826,72.3928,--,6.50E-05
30856.5,72.83762,--,6.46E-05
30887.5,71.01386,--,5.70E-05
30918,75.20344,--,4.29E-05
30948.5,74.534134,--,4.53E-05
30979,78.153496,--,4.36E-05
31009.5,75.42729,--,5.15E-05
31040.5,77.360794,--,7.28E-05
31070,76.00897,--,6.35E-05
31099.5,75.906685,--,7.28E-05
31130,78.04502,--,5.31E-05
31160.5,76.24027,--,5.19E-05
31191,75.819984,--,4.65E-05
31221.5,71.963005,--,5.39E-05
31252.5,71.27292,--,6.13E-05
31283,74.40371,--,4.63E-05
31313.5,72.46661,--,4.82E-05
31344,76.16731,--,4.92E-05
31374.5,78.01715,--,4.21E-05
31405.5,77.533165,--,7.36E-05
31435,77.11214,--,7.19E-05
31464.5,78.11013,--,6.47E-05
31495,81.30101,--,4.69E-05
31525.5,78.08406,--,5.63E-05
31556,75.75278,--,5.24E-05
31586.5,71.7376,--,5.60E-05
31617.5,79.25802,--,3.99E-05
31648,76.370865,--,4.44E-05
31678.5,76.16818,--,4.04E-05
31709,77.72657,--,4.19E-05
31739.5,78.37982,--,5.62E-05
31770.5,78.67965,--,5.53E-05
31800,77.44751,--,7.32E-05
31829.5,78.45929,--,7.06E-05
31860,76.92439,--,6.08E-05
31890.5,75.5526,--,5.89E-05
31921,72.337204,--,6.16E-05
31951.5,71.28741,--,6.45E-05
31982.5,73.4117,--,4.88E-05
32013,70.587944,--,5.93E-05
32043.5,73.95336,--,6.09E-05
32074,80.125595,--,3.96E-05
32104.5,79.659706,--,4.90E-05
32135.5,79.40425,--,5.38E-05
32165,82.88591,--,5.64E-05
32194.5,78.33393,--,7.88E-05
32225,78.67184,--,6.60E-05
32255.5,77.626976,--,6.28E-05
32286,82.142105,--,4.04E-05
32316.5,74.86212,--,5.75E-05
32347.5,70.09625,--,7.58E-05
32378,72.98101,--,6.01E-05
32408.5,73.83659,--,4.91E-05
32439,79.62358,--,4.65E-05
32469.5,75.61869,--,5.91E-05
32500.5,79.45007,--,6.42E-05
32530,82.99779,--,6.58E-05
32559.5,81.455765,--,6.35E-05
32590,74.666145,--,7.59E-05
32620.5,73.22453,--,6.04E-05
32651,72.7432,--,5.38E-05
32681.5,69.21661,--,6.78E-05
32712.5,74.90457,--,5.66E-05
32743,77.58848,--,3.59E-05
32773.5,78.01564,--,3.84E-05
32804,74.58586,--,5.83E-05
32834.5,76.66047,--,6.13E-05
32865.5,79.43995,--,6.12E-05
32895,80.105446,--,7.32E-05
32924.5,82.985985,--,5.66E-05
32955,75.5249,--,5.62E-05
32985.5,76.84839,--,4.70E-05
33016,74.35411,--,5.45E-05
33046.5,72.15372,--,6.09E-05
33077.5,76.10938,--,5.11E-05
33108,74.29633,--,4.91E-05
33138.5,77.50039,--,4.86E-05
33169,76.69647,--,4.82E-05
33199.5,79.48938,--,4.84E-05
33230.5,76.344284,--,6.17E-05
33260,78.63124,--,7.97E-05
33289.5,77.20992,--,5.94E-05
33320,76.510414,--,6.21E-05
33350.5,72.58734,--,5.88E-05
33381,76.23856,--,5.07E-05
33411.5,73.831314,--,6.18E-05
33442.5,70.5197,--,5.54E-05
33473,75.22986,--,4.52E-05
33503.5,76.04514,--,3.98E-05
33534,77.2985,--,4.84E-05
33564.5,77.47876,--,5.82E-05
33595.5,77.551216,--,6.58E-05
33625,79.17057,--,6.26E-05
33654.5,80.91451,--,5.31E-05
33685,75.94133,--,6.83E-05
33715.5,75.02033,--,5.33E-05
33746,71.74166,--,7.84E-05
33776.5,74.29406,--,5.37E-05
33807.5,71.62388,--,6.00E-05
33838,73.55925,--,4.99E-05
33868.5,71.75434,--,5.52E-05
33899,76.56928,--,4.42E-05
33929.5,77.05517,--,6.78E-05
33960.5,79.52593,--,5.45E-05
33990,82.16445,--,6.45E-05
34019.5,81.603584,--,4.78E-05
34050,76.00284,--,4.87E-05
34080.5,77.099106,--,4.97E-05
34111,75.25592,--,5.16E-05
34141.5,74.216286,--,5.44E-05
34172.5,73.10459,--,5.30E-05
34203,71.90258,--,5.06E-05
34233.5,76.51694,--,4.86E-05
34264,79.34915,--,3.51E-05
34294.5,79.46207,--,6.65E-05
34325.5,75.456825,--,7.17E-05
34355,77.856834,--,6.80E-05
34384.5,80.32207,--,7.03E-05
34415,82.535774,--,5.35E-05
34445.5,79.403336,--,5.38E-05
34476,78.93507,--,4.43E-05
34506.5,72.97814,--,6.33E-05
34537.5,73.761894,--,5.63E-05
34568,75.014305,--,4.80E-05
34598.5,79.962425,--,3.45E-05
34629,79.56671,--,4.10E-05
34659.5,76.28395,--,6.98E-05
34690.5,75.20541,--,7.20E-05
34720,84.55746,--,5.31E-05
34749.5,74.913605,--,6.31E-05
34780,72.98509,--,6.47E-05
34810.5,75.39177,--,5.92E-05
34841,77.404236,--,5.10E-05
34871.5,72.144806,--,6.92E-05
34902.5,73.49326,--,4.92E-05
34933,73.73666,--,5.25E-05
34963.5,75.83511,--,4.74E-05
34994,75.29099,--,4.71E-05
35024.5,78.35572,--,4.67E-05
